model,fold,partition,horizon,strategy,fit_seconds,inference_seconds,diagnostics_available,interval_coverage,mae,mse,rmse,mape,smape,mase,mean_error,asset_id,asset_class,run_id,run_dir,wall_seconds,prediction_file,config_file,manifest_file
last_value,1,validation,1,recursive,1.1799999811046293e-05,4.70000031782547e-06,True,,1522.7799999999988,2318858.9283999964,1522.7799999999988,1.2743166138449014,1.2824880932664398,1.207291354843917,1522.7799999999988,crypto:BTC-USD,crypto,20260928T054600014613Z-2646b062,artifacts\runs\20260928T054600014613Z-2646b062,5.073586999999861,artifacts\runs\20260928T054600014613Z-2646b062\fold_predictions.parquet,artifacts\runs\20260928T054600014613Z-2646b062\config.json,artifacts\runs\20260928T054600014613Z-2646b062\data_manifest.json
last_value,1,validation,5,recursive,1.1799999811046293e-05,4.70000031782547e-06,True,,774.4260000000038,1358135.7879800014,1165.390830571445,0.659605851164427,0.657979224385837,0.6139808867770529,-80.69399999999732,crypto:BTC-USD,crypto,20260928T054600014613Z-2646b062,artifacts\runs\20260928T054600014613Z-2646b062,5.073586999999861,artifacts\runs\20260928T054600014613Z-2646b062\fold_predictions.parquet,artifacts\runs\20260928T054600014613Z-2646b062\config.json,artifacts\runs\20260928T054600014613Z-2646b062\data_manifest.json
last_value,1,validation,20,recursive,1.1799999811046293e-05,4.70000031782547e-06,True,,2004.9525,6831347.687894994,2613.6846955772985,1.7228117065769453,1.71070452522058,1.589567646096416,-816.0169999999962,crypto:BTC-USD,crypto,20260928T054600014613Z-2646b062,artifacts\runs\20260928T054600014613Z-2646b062,5.073586999999861,artifacts\runs\20260928T054600014613Z-2646b062\fold_predictions.parquet,artifacts\runs\20260928T054600014613Z-2646b062\config.json,artifacts\runs\20260928T054600014613Z-2646b062\data_manifest.json
drift,1,validation,1,recursive,1.0500000826141331e-05,1.1799999811046293e-05,True,,1183.8289898989897,1401451.077325262,1183.8289898989897,0.9906703199277056,0.9956018861229358,0.93856401129425,1183.8289898989897,crypto:BTC-USD,crypto,20260928T054600014613Z-2646b062,artifacts\runs\20260928T054600014613Z-2646b062,5.073586999999861,artifacts\runs\20260928T054600014613Z-2646b062\fold_predictions.parquet,artifacts\runs\20260928T054600014613Z-2646b062\config.json,artifacts\runs\20260928T054600014613Z-2646b062\data_manifest.json
drift,1,validation,5,recursive,1.0500000826141331e-05,1.1799999811046293e-05,True,,1571.078626262621,3795741.672050807,1948.2663247232929,1.340741636177032,1.328902930172376,1.2455835007466087,-1097.5470303030247,crypto:BTC-USD,crypto,20260928T054600014613Z-2646b062,artifacts\runs\20260928T054600014613Z-2646b062,5.073586999999861,artifacts\runs\20260928T054600014613Z-2646b062\fold_predictions.parquet,artifacts\runs\20260928T054600014613Z-2646b062\config.json,artifacts\runs\20260928T054600014613Z-2646b062\data_manifest.json
drift,1,validation,20,recursive,1.0500000826141331e-05,1.1799999811046293e-05,True,,4493.3855050505,25595091.407902226,5059.159160167055,3.866960900593138,3.77443451428854,3.562448596795624,-4375.0026060606015,crypto:BTC-USD,crypto,20260928T054600014613Z-2646b062,artifacts\runs\20260928T054600014613Z-2646b062,5.073586999999861,artifacts\runs\20260928T054600014613Z-2646b062\fold_predictions.parquet,artifacts\runs\20260928T054600014613Z-2646b062\config.json,artifacts\runs\20260928T054600014613Z-2646b062\data_manifest.json
seasonal_naive,1,validation,1,recursive,8.600000001024455e-06,1.2999999853491316e-05,True,,2245.2149999999965,5040990.396224984,2245.2149999999965,1.8788759874399303,1.8966942538856355,1.7800527057525597,2245.2149999999965,crypto:BTC-USD,crypto,20260928T054600014613Z-2646b062,artifacts\runs\20260928T054600014613Z-2646b062,5.073586999999861,artifacts\runs\20260928T054600014613Z-2646b062\fold_predictions.parquet,artifacts\runs\20260928T054600014613Z-2646b062\config.json,artifacts\runs\20260928T054600014613Z-2646b062\data_manifest.json
seasonal_naive,1,validation,5,recursive,8.600000001024455e-06,1.2999999853491316e-05,True,,1652.8650000000025,3255036.6473150034,1804.17201156514,1.4035947168002545,1.3997245924560664,1.310425422729544,-470.3869999999996,crypto:BTC-USD,crypto,20260928T054600014613Z-2646b062,artifacts\runs\20260928T054600014613Z-2646b062,5.073586999999861,artifacts\runs\20260928T054600014613Z-2646b062\fold_predictions.parquet,artifacts\runs\20260928T054600014613Z-2646b062\config.json,artifacts\runs\20260928T054600014613Z-2646b062\data_manifest.json
seasonal_naive,1,validation,20,recursive,8.600000001024455e-06,1.2999999853491316e-05,True,,2176.8862500000005,7458167.737763752,2730.9646167176447,1.8721227787177064,1.8556664754076009,1.7258802651096,-1060.6107499999985,crypto:BTC-USD,crypto,20260928T054600014613Z-2646b062,artifacts\runs\20260928T054600014613Z-2646b062,5.073586999999861,artifacts\runs\20260928T054600014613Z-2646b062\fold_predictions.parquet,artifacts\runs\20260928T054600014613Z-2646b062\config.json,artifacts\runs\20260928T054600014613Z-2646b062\data_manifest.json
exponential_smoothing,1,validation,1,recursive,0.0118463999997402,0.0010277999999743,True,,1176.333951482884,1383761.565411336,1176.333951482884,0.9843982044710742,0.98926736958287,0.9326217904324136,1176.333951482884,crypto:BTC-USD,crypto,20260928T054600014613Z-2646b062,artifacts\runs\20260928T054600014613Z-2646b062,5.073586999999861,artifacts\runs\20260928T054600014613Z-2646b062\fold_predictions.parquet,artifacts\runs\20260928T054600014613Z-2646b062\config.json,artifacts\runs\20260928T054600014613Z-2646b062\data_manifest.json
exponential_smoothing,1,validation,5,recursive,0.0118463999997402,0.0010277999999743,True,,1590.565725291986,3878206.005672506,1969.316126393248,1.3573875374812572,1.3452257944216024,1.2610332743114965,-1120.0321446988323,crypto:BTC-USD,crypto,20260928T054600014613Z-2646b062,artifacts\runs\20260928T054600014613Z-2646b062,5.073586999999861,artifacts\runs\20260928T054600014613Z-2646b062\fold_predictions.parquet,artifacts\runs\20260928T054600014613Z-2646b062\config.json,artifacts\runs\20260928T054600014613Z-2646b062\data_manifest.json
exponential_smoothing,1,validation,20,recursive,0.0118463999997402,0.0010277999999743,True,,4571.333900528558,26382619.66962449,5136.401431900012,3.933254273153687,3.837940208014015,3.624247690548244,-4453.7005053802695,crypto:BTC-USD,crypto,20260928T054600014613Z-2646b062,artifacts\runs\20260928T054600014613Z-2646b062,5.073586999999861,artifacts\runs\20260928T054600014613Z-2646b062\fold_predictions.parquet,artifacts\runs\20260928T054600014613Z-2646b062\config.json,artifacts\runs\20260928T054600014613Z-2646b062\data_manifest.json
holt_winters,1,validation,1,recursive,0.0562192999996113,0.0013912999993408,True,,1180.396485814752,1393335.863723816,1180.396485814752,0.9877978780899912,0.9927008168925144,0.93584265134313,1180.396485814752,crypto:BTC-USD,crypto,20260928T054600014613Z-2646b062,artifacts\runs\20260928T054600014613Z-2646b062,5.073586999999861,artifacts\runs\20260928T054600014613Z-2646b062\fold_predictions.parquet,artifacts\runs\20260928T054600014613Z-2646b062\config.json,artifacts\runs\20260928T054600014613Z-2646b062\data_manifest.json
holt_winters,1,validation,5,recursive,0.0562192999996113,0.0013912999993408,True,,2111.022618855009,6273980.719662936,2504.7915521382083,1.801029826452154,1.780263895518112,1.6736622214788872,-1638.8640245291083,crypto:BTC-USD,crypto,20260928T054600014613Z-2646b062,artifacts\runs\20260928T054600014613Z-2646b062,5.073586999999861,artifacts\runs\20260928T054600014613Z-2646b062\fold_predictions.parquet,artifacts\runs\20260928T054600014613Z-2646b062\config.json,artifacts\runs\20260928T054600014613Z-2646b062\data_manifest.json
holt_winters,1,validation,20,recursive,0.0562192999996113,0.0013912999993408,True,,5043.349527226164,30636742.336741976,5535.046733022403,4.334197423797045,4.22388599032959,3.998471403404503,-4925.309878644689,crypto:BTC-USD,crypto,20260928T054600014613Z-2646b062,artifacts\runs\20260928T054600014613Z-2646b062,5.073586999999861,artifacts\runs\20260928T054600014613Z-2646b062\fold_predictions.parquet,artifacts\runs\20260928T054600014613Z-2646b062\config.json,artifacts\runs\20260928T054600014613Z-2646b062\data_manifest.json
arima,1,validation,1,recursive,0.0039427000001523,0.0010081000000354,True,1.0,1498.2000377419754,2244603.3530900567,1498.2000377419754,1.2537472247847088,1.261656214673606,1.1878038543930958,1498.2000377419754,crypto:BTC-USD,crypto,20260928T054600014613Z-2646b062,artifacts\runs\20260928T054600014613Z-2646b062,5.073586999999861,artifacts\runs\20260928T054600014613Z-2646b062\fold_predictions.parquet,artifacts\runs\20260928T054600014613Z-2646b062\config.json,artifacts\runs\20260928T054600014613Z-2646b062\data_manifest.json
arima,1,validation,5,recursive,0.0039427000001523,0.0010081000000354,True,1.0,769.5441313629213,1364386.994043962,1168.0697727635802,0.6556122567115229,0.6538413968514136,0.6101104407500277,-106.88758841155796,crypto:BTC-USD,crypto,20260928T054600014613Z-2646b062,artifacts\runs\20260928T054600014613Z-2646b062,5.073586999999861,artifacts\runs\20260928T054600014613Z-2646b062\fold_predictions.parquet,artifacts\runs\20260928T054600014613Z-2646b062\config.json,artifacts\runs\20260928T054600014613Z-2646b062\data_manifest.json
arima,1,validation,20,recursive,0.0039427000001523,0.0010081000000354,True,1.0,2010.39207327958,6875845.561351973,2622.183357691062,1.7278104010378907,1.7153134374059475,1.593880251853306,-842.5455190370674,crypto:BTC-USD,crypto,20260928T054600014613Z-2646b062,artifacts\runs\20260928T054600014613Z-2646b062,5.073586999999861,artifacts\runs\20260928T054600014613Z-2646b062\fold_predictions.parquet,artifacts\runs\20260928T054600014613Z-2646b062\config.json,artifacts\runs\20260928T054600014613Z-2646b062\data_manifest.json
sarima,1,validation,1,recursive,0.0108368999999584,0.0012518000003183,True,1.0,1609.22684348021,2589611.03377728,1609.22684348021,1.3466584155899222,1.3557873276626573,1.2758281932494675,1609.22684348021,crypto:BTC-USD,crypto,20260928T054600014613Z-2646b062,artifacts\runs\20260928T054600014613Z-2646b062,5.073586999999861,artifacts\runs\20260928T054600014613Z-2646b062\fold_predictions.parquet,artifacts\runs\20260928T054600014613Z-2646b062\config.json,artifacts\runs\20260928T054600014613Z-2646b062\data_manifest.json
sarima,1,validation,5,recursive,0.0108368999999584,0.0012518000003183,True,1.0,900.4637499776029,1516683.2738159113,1231.5369559277997,0.7665037437405631,0.7647148991724614,0.7139062114673789,-170.4862571361824,crypto:BTC-USD,crypto,20260928T054600014613Z-2646b062,artifacts\runs\20260928T054600014613Z-2646b062,5.073586999999861,artifacts\runs\20260928T054600014613Z-2646b062\fold_predictions.parquet,artifacts\runs\20260928T054600014613Z-2646b062\config.json,artifacts\runs\20260928T054600014613Z-2646b062\data_manifest.json
sarima,1,validation,20,recursive,0.0108368999999584,0.0012518000003183,True,1.0,2043.1224295999175,6904773.631198147,2627.693595379444,1.7555669753055496,1.7430315694249416,1.6198295526232824,-862.5956125943391,crypto:BTC-USD,crypto,20260928T054600014613Z-2646b062,artifacts\runs\20260928T054600014613Z-2646b062,5.073586999999861,artifacts\runs\20260928T054600014613Z-2646b062\fold_predictions.parquet,artifacts\runs\20260928T054600014613Z-2646b062\config.json,artifacts\runs\20260928T054600014613Z-2646b062\data_manifest.json
ridge,1,validation,1,recursive,0.0108347999994293,0.010084800000186,True,,1709.2404257572634,2921502.833042871,1709.2404257572634,1.430353348216955,1.4406565880889743,1.355121021662014,1709.2404257572634,crypto:BTC-USD,crypto,20260928T054600014613Z-2646b062,artifacts\runs\20260928T054600014613Z-2646b062,5.073586999999861,artifacts\runs\20260928T054600014613Z-2646b062\fold_predictions.parquet,artifacts\runs\20260928T054600014613Z-2646b062\config.json,artifacts\runs\20260928T054600014613Z-2646b062\data_manifest.json
ridge,1,validation,5,recursive,0.0108347999994293,0.010084800000186,True,,814.9494166727061,1326168.2642768691,1151.5937930871585,0.6928294697450069,0.6923650433577183,0.6461086863394923,56.81593144457438,crypto:BTC-USD,crypto,20260928T054600014613Z-2646b062,artifacts\runs\20260928T054600014613Z-2646b062,5.073586999999861,artifacts\runs\20260928T054600014613Z-2646b062\fold_predictions.parquet,artifacts\runs\20260928T054600014613Z-2646b062\config.json,artifacts\runs\20260928T054600014613Z-2646b062\data_manifest.json
ridge,1,validation,20,recursive,0.0108347999994293,0.010084800000186,True,,2003.531778334668,6768865.296292548,2601.704306083331,1.7148598851562973,1.7097414745678925,1.588441268691804,-348.67365900598963,crypto:BTC-USD,crypto,20260928T054600014613Z-2646b062,artifacts\runs\20260928T054600014613Z-2646b062,5.073586999999861,artifacts\runs\20260928T054600014613Z-2646b062\fold_predictions.parquet,artifacts\runs\20260928T054600014613Z-2646b062\config.json,artifacts\runs\20260928T054600014613Z-2646b062\data_manifest.json
lasso,1,validation,1,recursive,0.0022753999992346,0.0101776999999856,True,,1644.2618788252005,2703597.1261577774,1644.2618788252005,1.3759769826887571,1.3855091260223171,1.3036046910289616,1644.2618788252005,crypto:BTC-USD,crypto,20260928T054600014613Z-2646b062,artifacts\runs\20260928T054600014613Z-2646b062,5.073586999999861,artifacts\runs\20260928T054600014613Z-2646b062\fold_predictions.parquet,artifacts\runs\20260928T054600014613Z-2646b062\config.json,artifacts\runs\20260928T054600014613Z-2646b062\data_manifest.json
lasso,1,validation,5,recursive,0.0022753999992346,0.0101776999999856,True,,832.4523429743538,1328232.3257737826,1152.489620679415,0.7079760377026542,0.7071613070218191,0.659985366889834,-9.074521282396743,crypto:BTC-USD,crypto,20260928T054600014613Z-2646b062,artifacts\runs\20260928T054600014613Z-2646b062,5.073586999999861,artifacts\runs\20260928T054600014613Z-2646b062\fold_predictions.parquet,artifacts\runs\20260928T054600014613Z-2646b062\config.json,artifacts\runs\20260928T054600014613Z-2646b062\data_manifest.json
lasso,1,validation,20,recursive,0.0022753999992346,0.0101776999999856,True,,2012.4373831762216,6816728.657279201,2610.8865653795074,1.7230196282013408,1.7172666914064043,1.5955018156748642,-395.54519057993167,crypto:BTC-USD,crypto,20260928T054600014613Z-2646b062,artifacts\runs\20260928T054600014613Z-2646b062,5.073586999999861,artifacts\runs\20260928T054600014613Z-2646b062\fold_predictions.parquet,artifacts\runs\20260928T054600014613Z-2646b062\config.json,artifacts\runs\20260928T054600014613Z-2646b062\data_manifest.json
random_forest,1,validation,1,recursive,0.0157595999999102,0.0424677999999403,True,,1385.977664793536,1920934.087306543,1385.977664793536,1.1598355406981729,1.1666008664316565,1.098831645222552,1385.977664793536,crypto:BTC-USD,crypto,20260928T054600014613Z-2646b062,artifacts\runs\20260928T054600014613Z-2646b062,5.073586999999861,artifacts\runs\20260928T054600014613Z-2646b062\fold_predictions.parquet,artifacts\runs\20260928T054600014613Z-2646b062\config.json,artifacts\runs\20260928T054600014613Z-2646b062\data_manifest.json
random_forest,1,validation,5,recursive,0.0157595999999102,0.0424677999999403,True,,889.8486349879328,1326627.3908418182,1151.7931198100716,0.7576618198042997,0.7558547168900696,0.705490329621214,-73.18050262030155,crypto:BTC-USD,crypto,20260928T054600014613Z-2646b062,artifacts\runs\20260928T054600014613Z-2646b062,5.073586999999861,artifacts\runs\20260928T054600014613Z-2646b062\fold_predictions.parquet,artifacts\runs\20260928T054600014613Z-2646b062\config.json,artifacts\runs\20260928T054600014613Z-2646b062\data_manifest.json
random_forest,1,validation,20,recursive,0.0157595999999102,0.0424677999999403,True,,1992.2820554400796,6605772.625574117,2570.16976590538,1.7108603598243712,1.699961197413816,1.5795222566250404,-736.7614531725528,crypto:BTC-USD,crypto,20260928T054600014613Z-2646b062,artifacts\runs\20260928T054600014613Z-2646b062,5.073586999999861,artifacts\runs\20260928T054600014613Z-2646b062\fold_predictions.parquet,artifacts\runs\20260928T054600014613Z-2646b062\config.json,artifacts\runs\20260928T054600014613Z-2646b062\data_manifest.json
xgboost,1,validation,1,recursive,0.6715184999993653,0.0113786000001709,True,,5447.235937499994,29672379.35879144,5447.235937499994,4.558441307798404,4.664761515719832,4.318680869947627,5447.235937499994,crypto:BTC-USD,crypto,20260928T054600014613Z-2646b062,artifacts\runs\20260928T054600014613Z-2646b062,5.073586999999861,artifacts\runs\20260928T054600014613Z-2646b062\fold_predictions.parquet,artifacts\runs\20260928T054600014613Z-2646b062\config.json,artifacts\runs\20260928T054600014613Z-2646b062\data_manifest.json
xgboost,1,validation,5,recursive,0.6715184999993653,0.0113786000001709,True,,3843.761937499998,16126130.09851774,4015.7353123080384,3.2508864424577077,3.3094208546321635,3.0474136495238024,3843.761937499998,crypto:BTC-USD,crypto,20260928T054600014613Z-2646b062,artifacts\runs\20260928T054600014613Z-2646b062,5.073586999999861,artifacts\runs\20260928T054600014613Z-2646b062\fold_predictions.parquet,artifacts\runs\20260928T054600014613Z-2646b062\config.json,artifacts\runs\20260928T054600014613Z-2646b062\data_manifest.json
xgboost,1,validation,20,recursive,0.6715184999993653,0.0113786000001709,True,,3312.832749999999,15827856.571772125,3978.423880354144,2.7906910997635266,2.8462720404203843,2.6264820519830843,3108.438937499999,crypto:BTC-USD,crypto,20260928T054600014613Z-2646b062,artifacts\runs\20260928T054600014613Z-2646b062,5.073586999999861,artifacts\runs\20260928T054600014613Z-2646b062\fold_predictions.parquet,artifacts\runs\20260928T054600014613Z-2646b062\config.json,artifacts\runs\20260928T054600014613Z-2646b062\data_manifest.json
rnn,1,validation,1,recursive,1.1901214999998049,0.0048026000004028,True,,14958.842246211658,223766961.34704664,14958.842246211658,12.518092697718982,13.353920789312,11.85967830042771,14958.842246211658,crypto:BTC-USD,crypto,20260928T054600014613Z-2646b062,artifacts\runs\20260928T054600014613Z-2646b062,5.073586999999861,artifacts\runs\20260928T054600014613Z-2646b062\fold_predictions.parquet,artifacts\runs\20260928T054600014613Z-2646b062\config.json,artifacts\runs\20260928T054600014613Z-2646b062\data_manifest.json
rnn,1,validation,5,recursive,1.1901214999998049,0.0048026000004028,True,,11337.96127987764,132413391.18252274,11507.10177162446,9.603292787003332,10.10216543142993,8.988969276422962,11337.96127987764,crypto:BTC-USD,crypto,20260928T054600014613Z-2646b062,artifacts\runs\20260928T054600014613Z-2646b062,5.073586999999861,artifacts\runs\20260928T054600014613Z-2646b062\fold_predictions.parquet,artifacts\runs\20260928T054600014613Z-2646b062\config.json,artifacts\runs\20260928T054600014613Z-2646b062\data_manifest.json
rnn,1,validation,20,recursive,1.1901214999998049,0.0048026000004028,True,,10348.208575318253,114033665.1736214,10678.65465185673,8.790128024310492,9.218516490921084,8.204272942318275,10348.208575318253,crypto:BTC-USD,crypto,20260928T054600014613Z-2646b062,artifacts\runs\20260928T054600014613Z-2646b062,5.073586999999861,artifacts\runs\20260928T054600014613Z-2646b062\fold_predictions.parquet,artifacts\runs\20260928T054600014613Z-2646b062\config.json,artifacts\runs\20260928T054600014613Z-2646b062\data_manifest.json
lstm,1,validation,1,recursive,0.0681582000006528,0.0069671000001108,True,,10246.818133071123,104997281.85223518,10246.818133071123,8.574902865824175,8.959016340280353,8.123888510956712,10246.818133071123,crypto:BTC-USD,crypto,20260928T054600014613Z-2646b062,artifacts\runs\20260928T054600014613Z-2646b062,5.073586999999861,artifacts\runs\20260928T054600014613Z-2646b062\fold_predictions.parquet,artifacts\runs\20260928T054600014613Z-2646b062\config.json,artifacts\runs\20260928T054600014613Z-2646b062\data_manifest.json
lstm,1,validation,5,recursive,0.0681582000006528,0.0069671000001108,True,,9236.47397049922,86047603.97313125,9276.184774632902,7.82822803362367,8.149542356079033,7.322866844734357,9236.47397049922,crypto:BTC-USD,crypto,20260928T054600014613Z-2646b062,artifacts\runs\20260928T054600014613Z-2646b062,5.073586999999861,artifacts\runs\20260928T054600014613Z-2646b062\fold_predictions.parquet,artifacts\runs\20260928T054600014613Z-2646b062\config.json,artifacts\runs\20260928T054600014613Z-2646b062\data_manifest.json
lstm,1,validation,20,recursive,0.0681582000006528,0.0069671000001108,True,,9209.932833695955,91134447.56341866,9546.436380315885,7.820159237873966,8.160290302478582,7.301824484701844,9209.932833695955,crypto:BTC-USD,crypto,20260928T054600014613Z-2646b062,artifacts\runs\20260928T054600014613Z-2646b062,5.073586999999861,artifacts\runs\20260928T054600014613Z-2646b062\fold_predictions.parquet,artifacts\runs\20260928T054600014613Z-2646b062\config.json,artifacts\runs\20260928T054600014613Z-2646b062\data_manifest.json
gru,1,validation,1,recursive,0.0276980999997249,0.0112535999996907,True,,10057.042779324867,101144109.46517046,10057.042779324867,8.416092081484251,8.785802704331278,7.973430700937995,10057.042779324867,crypto:BTC-USD,crypto,20260928T054600014613Z-2646b062,artifacts\runs\20260928T054600014613Z-2646b062,5.073586999999861,artifacts\runs\20260928T054600014613Z-2646b062\fold_predictions.parquet,artifacts\runs\20260928T054600014613Z-2646b062\config.json,artifacts\runs\20260928T054600014613Z-2646b062\data_manifest.json
gru,1,validation,5,recursive,0.0276980999997249,0.0112535999996907,True,,9834.868881028273,97047993.40946823,9851.293996702578,8.339611884015648,8.703554838395657,7.7972866573562225,9834.868881028273,crypto:BTC-USD,crypto,20260928T054600014613Z-2646b062,artifacts\runs\20260928T054600014613Z-2646b062,5.073586999999861,artifacts\runs\20260928T054600014613Z-2646b062\fold_predictions.parquet,artifacts\runs\20260928T054600014613Z-2646b062\config.json,artifacts\runs\20260928T054600014613Z-2646b062\data_manifest.json
gru,1,validation,20,recursive,0.0276980999997249,0.0112535999996907,True,,10743.15658026683,122478416.8458608,11066.99674012154,9.130173544293402,9.59176394002126,8.517395856979139,10743.15658026683,crypto:BTC-USD,crypto,20260928T054600014613Z-2646b062,artifacts\runs\20260928T054600014613Z-2646b062,5.073586999999861,artifacts\runs\20260928T054600014613Z-2646b062\fold_predictions.parquet,artifacts\runs\20260928T054600014613Z-2646b062\config.json,artifacts\runs\20260928T054600014613Z-2646b062\data_manifest.json
last_value,2,validation,1,recursive,2.880000010918593e-05,8.799999704933725e-06,True,,70.0,4900.0,70.0,0.0595288715026788,0.0595465952107524,0.0541324381617313,70.0,crypto:BTC-USD,crypto,20260928T054600014613Z-2646b062,artifacts\runs\20260928T054600014613Z-2646b062,5.073586999999861,artifacts\runs\20260928T054600014613Z-2646b062\fold_predictions.parquet,artifacts\runs\20260928T054600014613Z-2646b062\config.json,artifacts\runs\20260928T054600014613Z-2646b062\data_manifest.json
last_value,2,validation,5,recursive,2.880000010918593e-05,8.799999704933725e-06,True,,1744.0,6108040.0,2471.444921498353,1.5297389924598357,1.5064826683198262,1.3486710307722771,-1708.0,crypto:BTC-USD,crypto,20260928T054600014613Z-2646b062,artifacts\runs\20260928T054600014613Z-2646b062,5.073586999999861,artifacts\runs\20260928T054600014613Z-2646b062\fold_predictions.parquet,artifacts\runs\20260928T054600014613Z-2646b062\config.json,artifacts\runs\20260928T054600014613Z-2646b062\data_manifest.json
last_value,2,validation,20,recursive,2.880000010918593e-05,8.799999704933725e-06,True,,4821.0,31428400.0,5606.103816377288,4.344628283573679,4.219633228077415,3.728178348252952,-4812.0,crypto:BTC-USD,crypto,20260928T054600014613Z-2646b062,artifacts\runs\20260928T054600014613Z-2646b062,5.073586999999861,artifacts\runs\20260928T054600014613Z-2646b062\fold_predictions.parquet,artifacts\runs\20260928T054600014613Z-2646b062\config.json,artifacts\runs\20260928T054600014613Z-2646b062\data_manifest.json
drift,2,validation,1,recursive,1.3099999705445953e-05,1.4599999303754885e-05,True,,208.1609663865529,43330.98792698361,208.1609663865529,0.1770226774271221,0.1768661308469785,0.1609751520086614,-208.1609663865529,crypto:BTC-USD,crypto,20260928T054600014613Z-2646b062,artifacts\runs\20260928T054600014613Z-2646b062,5.073586999999861,artifacts\runs\20260928T054600014613Z-2646b062\fold_predictions.parquet,artifacts\runs\20260928T054600014613Z-2646b062\config.json,artifacts\runs\20260928T054600014613Z-2646b062\data_manifest.json
drift,2,validation,5,recursive,1.3099999705445953e-05,1.4599999303754885e-05,True,,2542.482899159661,10999158.63123043,3316.4979468153497,2.224285563101342,2.1827159127793228,1.9661542616574244,-2542.482899159661,crypto:BTC-USD,crypto,20260928T054600014613Z-2646b062,artifacts\runs\20260928T054600014613Z-2646b062,5.073586999999861,artifacts\runs\20260928T054600014613Z-2646b062\fold_predictions.parquet,artifacts\runs\20260928T054600014613Z-2646b062\config.json,artifacts\runs\20260928T054600014613Z-2646b062\data_manifest.json
drift,2,validation,20,recursive,1.3099999705445953e-05,1.4599999303754885e-05,True,,7732.690147058823,77937219.18874075,8828.205887310329,6.958506610498002,6.654669354653815,5.979848160135581,-7732.690147058823,crypto:BTC-USD,crypto,20260928T054600014613Z-2646b062,artifacts\runs\20260928T054600014613Z-2646b062,5.073586999999861,artifacts\runs\20260928T054600014613Z-2646b062\fold_predictions.parquet,artifacts\runs\20260928T054600014613Z-2646b062\config.json,artifacts\runs\20260928T054600014613Z-2646b062\data_manifest.json
seasonal_naive,2,validation,1,recursive,1.250000059371814e-05,1.7800000023271423e-05,True,,1040.0,1081600.0,1040.0,0.8844289480397992,0.8883573930127274,0.8042533669742936,1040.0,crypto:BTC-USD,crypto,20260928T054600014613Z-2646b062,artifacts\runs\20260928T054600014613Z-2646b062,5.073586999999861,artifacts\runs\20260928T054600014613Z-2646b062\fold_predictions.parquet,artifacts\runs\20260928T054600014613Z-2646b062\config.json,artifacts\runs\20260928T054600014613Z-2646b062\data_manifest.json
seasonal_naive,2,validation,5,recursive,1.250000059371814e-05,1.7800000023271423e-05,True,,4238.0,27585580.0,5252.197635276114,3.697299128986149,3.5964318892672806,3.2773324704202467,-3822.0,crypto:BTC-USD,crypto,20260928T054600014613Z-2646b062,artifacts\runs\20260928T054600014613Z-2646b062,5.073586999999861,artifacts\runs\20260928T054600014613Z-2646b062\fold_predictions.parquet,artifacts\runs\20260928T054600014613Z-2646b062\config.json,artifacts\runs\20260928T054600014613Z-2646b062\data_manifest.json
seasonal_naive,2,validation,20,recursive,1.250000059371814e-05,1.7800000023271423e-05,True,,6635.0,56158320.0,7493.885507532124,5.955402065890366,5.737110839399497,5.13098181718696,-6531.0,crypto:BTC-USD,crypto,20260928T054600014613Z-2646b062,artifacts\runs\20260928T054600014613Z-2646b062,5.073586999999861,artifacts\runs\20260928T054600014613Z-2646b062\fold_predictions.parquet,artifacts\runs\20260928T054600014613Z-2646b062\config.json,artifacts\runs\20260928T054600014613Z-2646b062\data_manifest.json
exponential_smoothing,2,validation,1,recursive,0.0132202000004326,0.0012180000003354,True,,214.91447289465577,46188.23065958773,214.91447289465577,0.1827659434430272,0.1825990789783207,0.1661977773433004,-214.91447289465577,crypto:BTC-USD,crypto,20260928T054600014613Z-2646b062,artifacts\runs\20260928T054600014613Z-2646b062,5.073586999999861,artifacts\runs\20260928T054600014613Z-2646b062\fold_predictions.parquet,artifacts\runs\20260928T054600014613Z-2646b062\config.json,artifacts\runs\20260928T054600014613Z-2646b062\data_manifest.json
exponential_smoothing,2,validation,5,recursive,0.0132202000004326,0.0012180000003354,True,,2562.7433836688083,11139076.35555042,3337.5254838802985,2.241891891840604,2.199801003071693,1.9818221105833973,-2562.7433836688083,crypto:BTC-USD,crypto,20260928T054600014613Z-2646b062,artifacts\runs\20260928T054600014613Z-2646b062,5.073586999999861,artifacts\runs\20260928T054600014613Z-2646b062\fold_predictions.parquet,artifacts\runs\20260928T054600014613Z-2646b062\config.json,artifacts\runs\20260928T054600014613Z-2646b062\data_manifest.json
exponential_smoothing,2,validation,20,recursive,0.0132202000004326,0.0012180000003354,True,,7803.601799071874,79342528.15569004,8907.442290337336,7.022154998082937,6.712985952485703,6.034685597529048,-7803.601799071874,crypto:BTC-USD,crypto,20260928T054600014613Z-2646b062,artifacts\runs\20260928T054600014613Z-2646b062,5.073586999999861,artifacts\runs\20260928T054600014613Z-2646b062\fold_predictions.parquet,artifacts\runs\20260928T054600014613Z-2646b062\config.json,artifacts\runs\20260928T054600014613Z-2646b062\data_manifest.json
holt_winters,2,validation,1,recursive,0.0858966999994663,0.0028207999994265,True,,234.59632615480223,55035.43624533034,234.59632615480223,0.1995036364952821,0.1993048263071853,0.1814181588363454,-234.59632615480223,crypto:BTC-USD,crypto,20260928T054600014613Z-2646b062,artifacts\runs\20260928T054600014613Z-2646b062,5.073586999999861,artifacts\runs\20260928T054600014613Z-2646b062\fold_predictions.parquet,artifacts\runs\20260928T054600014613Z-2646b062\config.json,artifacts\runs\20260928T054600014613Z-2646b062\data_manifest.json
holt_winters,2,validation,5,recursive,0.0858966999994663,0.0028207999994265,True,,2644.3977042013166,11524405.523057545,3394.761482498814,2.312254525672964,2.2687297794721686,2.044967074252886,-2644.3977042013166,crypto:BTC-USD,crypto,20260928T054600014613Z-2646b062,artifacts\runs\20260928T054600014613Z-2646b062,5.073586999999861,artifacts\runs\20260928T054600014613Z-2646b062\fold_predictions.parquet,artifacts\runs\20260928T054600014613Z-2646b062\config.json,artifacts\runs\20260928T054600014613Z-2646b062\data_manifest.json
holt_winters,2,validation,20,recursive,0.0858966999994663,0.0028207999994265,True,,6509.599503350231,54236429.29554506,7364.538634262506,5.855948319901897,5.642860520978434,5.034007036753475,-6509.599503350231,crypto:BTC-USD,crypto,20260928T054600014613Z-2646b062,artifacts\runs\20260928T054600014613Z-2646b062,5.073586999999861,artifacts\runs\20260928T054600014613Z-2646b062\fold_predictions.parquet,artifacts\runs\20260928T054600014613Z-2646b062\config.json,artifacts\runs\20260928T054600014613Z-2646b062\data_manifest.json
arima,2,validation,1,recursive,0.005888299999242,0.0015550999996776,True,1.0,113.09866476008028,12791.307970513026,113.09866476008028,0.0961805125946766,0.0962267883037986,0.0874615210899917,113.09866476008028,crypto:BTC-USD,crypto,20260928T054600014613Z-2646b062,artifacts\runs\20260928T054600014613Z-2646b062,5.073586999999861,artifacts\runs\20260928T054600014613Z-2646b062\fold_predictions.parquet,artifacts\runs\20260928T054600014613Z-2646b062\config.json,artifacts\runs\20260928T054600014613Z-2646b062\data_manifest.json
arima,2,validation,5,recursive,0.005888299999242,0.0015550999996776,True,1.0,1734.4827922930883,5955273.776096562,2440.3429628018603,1.5210512970708945,1.4983870131819368,1.341311178519895,-1663.1690313146391,crypto:BTC-USD,crypto,20260928T054600014613Z-2646b062,artifacts\runs\20260928T054600014613Z-2646b062,5.073586999999861,artifacts\runs\20260928T054600014613Z-2646b062\fold_predictions.parquet,artifacts\runs\20260928T054600014613Z-2646b062\config.json,artifacts\runs\20260928T054600014613Z-2646b062\data_manifest.json
arima,2,validation,20,recursive,0.005888299999242,0.0015550999996776,True,1.0,4784.651736750035,30994536.576651007,5567.273711310681,4.312024504743096,4.18872099470644,3.7000694895005934,-4766.823296505422,crypto:BTC-USD,crypto,20260928T054600014613Z-2646b062,artifacts\runs\20260928T054600014613Z-2646b062,5.073586999999861,artifacts\runs\20260928T054600014613Z-2646b062\fold_predictions.parquet,artifacts\runs\20260928T054600014613Z-2646b062\config.json,artifacts\runs\20260928T054600014613Z-2646b062\data_manifest.json
sarima,2,validation,1,recursive,0.0449217000004864,0.0016959000004135,True,1.0,105.891872408989,11213.088642281606,105.891872408989,0.090051766654468,0.0900923315225462,0.0818883605001362,105.891872408989,crypto:BTC-USD,crypto,20260928T054600014613Z-2646b062,artifacts\runs\20260928T054600014613Z-2646b062,5.073586999999861,artifacts\runs\20260928T054600014613Z-2646b062\fold_predictions.parquet,artifacts\runs\20260928T054600014613Z-2646b062\config.json,artifacts\runs\20260928T054600014613Z-2646b062\data_manifest.json
sarima,2,validation,5,recursive,0.0449217000004864,0.0016959000004135,True,1.0,2094.1661037155573,8087920.347771808,2843.926923774908,1.8343713363773877,1.8037008474266476,1.6194616729968028,-2051.8093547519616,crypto:BTC-USD,crypto,20260928T054600014613Z-2646b062,artifacts\runs\20260928T054600014613Z-2646b062,5.073586999999861,artifacts\runs\20260928T054600014613Z-2646b062\fold_predictions.parquet,artifacts\runs\20260928T054600014613Z-2646b062\config.json,artifacts\runs\20260928T054600014613Z-2646b062\data_manifest.json
sarima,2,validation,20,recursive,0.0449217000004864,0.0016959000004135,True,1.0,4993.463193487218,32925816.41806523,5738.102161696429,4.496855130088583,4.366106867894779,3.861547679061831,-4982.874006246319,crypto:BTC-USD,crypto,20260928T054600014613Z-2646b062,artifacts\runs\20260928T054600014613Z-2646b062,5.073586999999861,artifacts\runs\20260928T054600014613Z-2646b062\fold_predictions.parquet,artifacts\runs\20260928T054600014613Z-2646b062\config.json,artifacts\runs\20260928T054600014613Z-2646b062\data_manifest.json
ridge,2,validation,1,recursive,0.0035792999997283,0.0113713000000643,True,,249.18166909487627,62091.50421290842,249.18166909487627,0.2119071937195988,0.211682908064567,0.1926973041902197,-249.18166909487627,crypto:BTC-USD,crypto,20260928T054600014613Z-2646b062,artifacts\runs\20260928T054600014613Z-2646b062,5.073586999999861,artifacts\runs\20260928T054600014613Z-2646b062\fold_predictions.parquet,artifacts\runs\20260928T054600014613Z-2646b062\config.json,artifacts\runs\20260928T054600014613Z-2646b062\data_manifest.json
ridge,2,validation,5,recursive,0.0035792999997283,0.0113713000000643,True,,1965.968293206676,7487227.973841341,2736.2799516572386,1.7233802399664864,1.6949347315055223,1.5203236722847833,-1958.2437623248347,crypto:BTC-USD,crypto,20260928T054600014613Z-2646b062,artifacts\runs\20260928T054600014613Z-2646b062,5.073586999999861,artifacts\runs\20260928T054600014613Z-2646b062\fold_predictions.parquet,artifacts\runs\20260928T054600014613Z-2646b062\config.json,artifacts\runs\20260928T054600014613Z-2646b062\data_manifest.json
ridge,2,validation,20,recursive,0.0035792999997283,0.0113713000000643,True,,4786.7899573161,30344359.16143813,5508.57142655318,4.311036449740769,4.190377129643334,3.701723019394432,-4784.85882459564,crypto:BTC-USD,crypto,20260928T054600014613Z-2646b062,artifacts\runs\20260928T054600014613Z-2646b062,5.073586999999861,artifacts\runs\20260928T054600014613Z-2646b062\fold_predictions.parquet,artifacts\runs\20260928T054600014613Z-2646b062\config.json,artifacts\runs\20260928T054600014613Z-2646b062\data_manifest.json
lasso,2,validation,1,recursive,0.0026724999997895,0.0095294000002468,True,,353.5556480518426,125001.5962693584,353.5556480518426,0.3006681248846352,0.3002167967779048,0.2734118464985315,-353.5556480518426,crypto:BTC-USD,crypto,20260928T054600014613Z-2646b062,artifacts\runs\20260928T054600014613Z-2646b062,5.073586999999861,artifacts\runs\20260928T054600014613Z-2646b062\fold_predictions.parquet,artifacts\runs\20260928T054600014613Z-2646b062\config.json,artifacts\runs\20260928T054600014613Z-2646b062\data_manifest.json
lasso,2,validation,5,recursive,0.0026724999997895,0.0095294000002468,True,,2019.3392603497891,7631476.443120958,2762.512704608064,1.7691673007279305,1.7402031411520993,1.5615965376920171,-1975.4715769264849,crypto:BTC-USD,crypto,20260928T054600014613Z-2646b062,artifacts\runs\20260928T054600014613Z-2646b062,5.073586999999861,artifacts\runs\20260928T054600014613Z-2646b062\fold_predictions.parquet,artifacts\runs\20260928T054600014613Z-2646b062\config.json,artifacts\runs\20260928T054600014613Z-2646b062\data_manifest.json
lasso,2,validation,20,recursive,0.0026724999997895,0.0095294000002468,True,,4779.031369640071,30139800.269925676,5489.972702111157,4.303582094069062,4.183730426278,3.695723144143074,-4768.064448784245,crypto:BTC-USD,crypto,20260928T054600014613Z-2646b062,artifacts\runs\20260928T054600014613Z-2646b062,5.073586999999861,artifacts\runs\20260928T054600014613Z-2646b062\fold_predictions.parquet,artifacts\runs\20260928T054600014613Z-2646b062\config.json,artifacts\runs\20260928T054600014613Z-2646b062\data_manifest.json
random_forest,2,validation,1,recursive,0.0222959999991871,0.0391184999998586,True,,723.2857585133461,523142.2884682264,723.2857585133461,0.6150912139751221,0.6132053279272681,0.5593317370854947,-723.2857585133461,crypto:BTC-USD,crypto,20260928T054600014613Z-2646b062,artifacts\runs\20260928T054600014613Z-2646b062,5.073586999999861,artifacts\runs\20260928T054600014613Z-2646b062\fold_predictions.parquet,artifacts\runs\20260928T054600014613Z-2646b062\config.json,artifacts\runs\20260928T054600014613Z-2646b062\data_manifest.json
random_forest,2,validation,5,recursive,0.0222959999991871,0.0391184999998586,True,,2044.672016559582,6127536.706936039,2475.386173294187,1.7846317461361,1.7613622468345669,1.5811868785347718,-2044.672016559582,crypto:BTC-USD,crypto,20260928T054600014613Z-2646b062,artifacts\runs\20260928T054600014613Z-2646b062,5.073586999999861,artifacts\runs\20260928T054600014613Z-2646b062\fold_predictions.parquet,artifacts\runs\20260928T054600014613Z-2646b062\config.json,artifacts\runs\20260928T054600014613Z-2646b062\data_manifest.json
random_forest,2,validation,20,recursive,0.0222959999991871,0.0391184999998586,True,,5135.500926666473,35310644.09645357,5942.276003052498,4.626223143825177,4.48602818479512,3.9713883763183806,-5128.452642817932,crypto:BTC-USD,crypto,20260928T054600014613Z-2646b062,artifacts\runs\20260928T054600014613Z-2646b062,5.073586999999861,artifacts\runs\20260928T054600014613Z-2646b062\fold_predictions.parquet,artifacts\runs\20260928T054600014613Z-2646b062\config.json,artifacts\runs\20260928T054600014613Z-2646b062\data_manifest.json
xgboost,2,validation,1,recursive,0.0107589000008374,0.0129008999992947,True,,2673.640625,7148354.191650391,2673.640625,2.273697274428097,2.299843008326318,2.067581225707216,2673.640625,crypto:BTC-USD,crypto,20260928T054600014613Z-2646b062,artifacts\runs\20260928T054600014613Z-2646b062,5.073586999999861,artifacts\runs\20260928T054600014613Z-2646b062\fold_predictions.parquet,artifacts\runs\20260928T054600014613Z-2646b062\config.json,artifacts\runs\20260928T054600014613Z-2646b062\data_manifest.json
xgboost,2,validation,5,recursive,0.0107589000008374,0.0129008999992947,True,,2884.98125,10453612.256835938,3233.2046419668422,2.4754347530694543,2.514374924727884,2.2310152730482757,2884.98125,crypto:BTC-USD,crypto,20260928T054600014613Z-2646b062,artifacts\runs\20260928T054600014613Z-2646b062,5.073586999999861,artifacts\runs\20260928T054600014613Z-2646b062\fold_predictions.parquet,artifacts\runs\20260928T054600014613Z-2646b062\config.json,artifacts\runs\20260928T054600014613Z-2646b062\data_manifest.json
xgboost,2,validation,20,recursive,0.0107589000008374,0.0129008999992947,True,,2227.17109375,7214206.474060059,2685.927488607997,1.969804173549634,1.9740070401601575,1.722317164400248,218.46796875,crypto:BTC-USD,crypto,20260928T054600014613Z-2646b062,artifacts\runs\20260928T054600014613Z-2646b062,5.073586999999861,artifacts\runs\20260928T054600014613Z-2646b062\fold_predictions.parquet,artifacts\runs\20260928T054600014613Z-2646b062\config.json,artifacts\runs\20260928T054600014613Z-2646b062\data_manifest.json
rnn,2,validation,1,recursive,0.0219872000006944,0.0052732000003743,True,,10590.886283777538,112166872.2759072,10590.886283777538,9.00662155266395,9.431344296731636,8.190149954778798,10590.886283777538,crypto:BTC-USD,crypto,20260928T054600014613Z-2646b062,artifacts\runs\20260928T054600014613Z-2646b062,5.073586999999861,artifacts\runs\20260928T054600014613Z-2646b062\fold_predictions.parquet,artifacts\runs\20260928T054600014613Z-2646b062\config.json,artifacts\runs\20260928T054600014613Z-2646b062\data_manifest.json
rnn,2,validation,5,recursive,0.0219872000006944,0.0052732000003743,True,,7515.691568053287,60917253.8222361,7804.950597040067,6.464338449547821,6.696777078290333,5.812038700718428,7515.691568053287,crypto:BTC-USD,crypto,20260928T054600014613Z-2646b062,artifacts\runs\20260928T054600014613Z-2646b062,5.073586999999861,artifacts\runs\20260928T054600014613Z-2646b062\fold_predictions.parquet,artifacts\runs\20260928T054600014613Z-2646b062\config.json,artifacts\runs\20260928T054600014613Z-2646b062\data_manifest.json
rnn,2,validation,20,recursive,0.0219872000006944,0.0052732000003743,True,,4284.637952512021,27178359.952561308,5213.286866513419,3.737635959234456,3.842595998534219,3.313398557282343,4279.477836468992,crypto:BTC-USD,crypto,20260928T054600014613Z-2646b062,artifacts\runs\20260928T054600014613Z-2646b062,5.073586999999861,artifacts\runs\20260928T054600014613Z-2646b062\fold_predictions.parquet,artifacts\runs\20260928T054600014613Z-2646b062\config.json,artifacts\runs\20260928T054600014613Z-2646b062\data_manifest.json
lstm,2,validation,1,recursive,0.0209910000003219,0.0056928999993033,True,,5887.327499105944,34660625.081729054,5887.327499105944,5.006656602692358,5.135207710645868,4.552791311188753,5887.327499105944,crypto:BTC-USD,crypto,20260928T054600014613Z-2646b062,artifacts\runs\20260928T054600014613Z-2646b062,5.073586999999861,artifacts\runs\20260928T054600014613Z-2646b062\fold_predictions.parquet,artifacts\runs\20260928T054600014613Z-2646b062\config.json,artifacts\runs\20260928T054600014613Z-2646b062\data_manifest.json
lstm,2,validation,5,recursive,0.0209910000003219,0.0056928999993033,True,,4690.373119099287,24232079.07665834,4922.608970521459,4.031076776498418,4.122134290425137,3.6271618975012703,4690.373119099287,crypto:BTC-USD,crypto,20260928T054600014613Z-2646b062,artifacts\runs\20260928T054600014613Z-2646b062,5.073586999999861,artifacts\runs\20260928T054600014613Z-2646b062\fold_predictions.parquet,artifacts\runs\20260928T054600014613Z-2646b062\config.json,artifacts\runs\20260928T054600014613Z-2646b062\data_manifest.json
lstm,2,validation,20,recursive,0.0209910000003219,0.0056928999993033,True,,2866.3884891410607,12152774.359291287,3486.0829535872044,2.502218860186365,2.5472613765826093,2.2166371090846697,2549.372056851948,crypto:BTC-USD,crypto,20260928T054600014613Z-2646b062,artifacts\runs\20260928T054600014613Z-2646b062,5.073586999999861,artifacts\runs\20260928T054600014613Z-2646b062\fold_predictions.parquet,artifacts\runs\20260928T054600014613Z-2646b062\config.json,artifacts\runs\20260928T054600014613Z-2646b062\data_manifest.json
gru,2,validation,1,recursive,0.0306744999998045,0.011699700000463,True,,5297.818949534791,28066885.622049917,5297.818949534791,4.505331192733047,4.6091601578912975,4.0969122382534335,5297.818949534791,crypto:BTC-USD,crypto,20260928T054600014613Z-2646b062,artifacts\runs\20260928T054600014613Z-2646b062,5.073586999999861,artifacts\runs\20260928T054600014613Z-2646b062\fold_predictions.parquet,artifacts\runs\20260928T054600014613Z-2646b062\config.json,artifacts\runs\20260928T054600014613Z-2646b062\data_manifest.json
gru,2,validation,5,recursive,0.0306744999998045,0.011699700000463,True,,4689.05883171081,23503619.25720314,4848.053140921946,4.034172721146619,4.12268857638428,3.626145532061507,4689.05883171081,crypto:BTC-USD,crypto,20260928T054600014613Z-2646b062,artifacts\runs\20260928T054600014613Z-2646b062,5.073586999999861,artifacts\runs\20260928T054600014613Z-2646b062\fold_predictions.parquet,artifacts\runs\20260928T054600014613Z-2646b062\config.json,artifacts\runs\20260928T054600014613Z-2646b062\data_manifest.json
gru,2,validation,20,recursive,0.0306744999998045,0.011699700000463,True,,3218.909368460177,14554335.232289482,3815.01444719276,2.813612503285428,2.8695469275632224,2.4892487476626872,3156.97639406292,crypto:BTC-USD,crypto,20260928T054600014613Z-2646b062,artifacts\runs\20260928T054600014613Z-2646b062,5.073586999999861,artifacts\runs\20260928T054600014613Z-2646b062\fold_predictions.parquet,artifacts\runs\20260928T054600014613Z-2646b062\config.json,artifacts\runs\20260928T054600014613Z-2646b062\data_manifest.json
last_value,3,validation,1,recursive,1.6699999832781032e-05,9.80000004346948e-06,True,,270.0,72900.0,270.0,0.2440347071583514,0.2437373053486797,0.2020002437674138,-270.0,crypto:BTC-USD,crypto,20260928T054600014613Z-2646b062,artifacts\runs\20260928T054600014613Z-2646b062,5.073586999999861,artifacts\runs\20260928T054600014613Z-2646b062\fold_predictions.parquet,artifacts\runs\20260928T054600014613Z-2646b062\config.json,artifacts\runs\20260928T054600014613Z-2646b062\data_manifest.json
last_value,3,validation,5,recursive,1.6699999832781032e-05,9.80000004346948e-06,True,,598.0,455020.0,674.551702985027,0.5370755749892917,0.5381183359058737,0.4473931324922722,234.0,crypto:BTC-USD,crypto,20260928T054600014613Z-2646b062,artifacts\runs\20260928T054600014613Z-2646b062,5.073586999999861,artifacts\runs\20260928T054600014613Z-2646b062\fold_predictions.parquet,artifacts\runs\20260928T054600014613Z-2646b062\config.json,artifacts\runs\20260928T054600014613Z-2646b062\data_manifest.json
last_value,3,validation,20,recursive,1.6699999832781032e-05,9.80000004346948e-06,True,,3391.5,15588995.0,3948.290136248855,2.937004446208028,2.996111528170715,2.537347506434015,3300.5,crypto:BTC-USD,crypto,20260928T054600014613Z-2646b062,artifacts\runs\20260928T054600014613Z-2646b062,5.073586999999861,artifacts\runs\20260928T054600014613Z-2646b062\fold_predictions.parquet,artifacts\runs\20260928T054600014613Z-2646b062\config.json,artifacts\runs\20260928T054600014613Z-2646b062\data_manifest.json
drift,3,validation,1,recursive,1.4600000213249588e-05,1.4100000043981709e-05,True,,460.58384892086906,212137.48188676196,460.58384892086906,0.4162905359010023,0.4154258466593377,0.3445853694716639,-460.58384892086906,crypto:BTC-USD,crypto,20260928T054600014613Z-2646b062,artifacts\runs\20260928T054600014613Z-2646b062,5.073586999999861,artifacts\runs\20260928T054600014613Z-2646b062\fold_predictions.parquet,artifacts\runs\20260928T054600014613Z-2646b062\config.json,artifacts\runs\20260928T054600014613Z-2646b062\data_manifest.json
drift,3,validation,5,recursive,1.4600000213249588e-05,1.4100000043981709e-05,True,,488.8173884892109,314068.4426248276,560.418096268159,0.4408514767264984,0.4397996793297597,0.3657082653058194,-337.7515467625897,crypto:BTC-USD,crypto,20260928T054600014613Z-2646b062,artifacts\runs\20260928T054600014613Z-2646b062,5.073586999999861,artifacts\runs\20260928T054600014613Z-2646b062\fold_predictions.parquet,artifacts\runs\20260928T054600014613Z-2646b062\config.json,artifacts\runs\20260928T054600014613Z-2646b062\data_manifest.json
drift,3,validation,20,recursive,1.4600000213249588e-05,1.4100000043981709e-05,True,,2007.3397589928063,5321439.236972601,2306.8244920176744,1.7421276301414408,1.7581366907696585,1.50178933570581,1299.369586330936,crypto:BTC-USD,crypto,20260928T054600014613Z-2646b062,artifacts\runs\20260928T054600014613Z-2646b062,5.073586999999861,artifacts\runs\20260928T054600014613Z-2646b062\fold_predictions.parquet,artifacts\runs\20260928T054600014613Z-2646b062\config.json,artifacts\runs\20260928T054600014613Z-2646b062\data_manifest.json
seasonal_naive,3,validation,1,recursive,1.120000069931848e-05,1.960000008693896e-05,True,,2110.0,4452100.0,2110.0,1.9070860448300797,1.9254460008212804,1.57859449758979,2110.0,crypto:BTC-USD,crypto,20260928T054600014613Z-2646b062,artifacts\runs\20260928T054600014613Z-2646b062,5.073586999999861,artifacts\runs\20260928T054600014613Z-2646b062\fold_predictions.parquet,artifacts\runs\20260928T054600014613Z-2646b062\config.json,artifacts\runs\20260928T054600014613Z-2646b062\data_manifest.json
seasonal_naive,3,validation,5,recursive,1.120000069931848e-05,1.960000008693896e-05,True,,1800.0,4181400.0,2044.8471825542367,1.618761097405285,1.6358293990391453,1.346668291782759,1800.0,crypto:BTC-USD,crypto,20260928T054600014613Z-2646b062,artifacts\runs\20260928T054600014613Z-2646b062,5.073586999999861,artifacts\runs\20260928T054600014613Z-2646b062\fold_predictions.parquet,artifacts\runs\20260928T054600014613Z-2646b062\config.json,artifacts\runs\20260928T054600014613Z-2646b062\data_manifest.json
seasonal_naive,3,validation,20,recursive,1.120000069931848e-05,1.960000008693896e-05,True,,4328.0,24592370.0,4959.069469164553,3.7569763173840296,3.851511669162466,3.237989092686545,4328.0,crypto:BTC-USD,crypto,20260928T054600014613Z-2646b062,artifacts\runs\20260928T054600014613Z-2646b062,5.073586999999861,artifacts\runs\20260928T054600014613Z-2646b062\fold_predictions.parquet,artifacts\runs\20260928T054600014613Z-2646b062\config.json,artifacts\runs\20260928T054600014613Z-2646b062\data_manifest.json
exponential_smoothing,3,validation,1,recursive,0.0173882999997658,0.0014587999994546,True,,488.0238621352619,238167.2900134171,488.0238621352619,0.4410917047498752,0.4401210360594165,0.3651145893171765,-488.0238621352619,crypto:BTC-USD,crypto,20260928T054600014613Z-2646b062,artifacts\runs\20260928T054600014613Z-2646b062,5.073586999999861,artifacts\runs\20260928T054600014613Z-2646b062\fold_predictions.parquet,artifacts\runs\20260928T054600014613Z-2646b062\config.json,artifacts\runs\20260928T054600014613Z-2646b062\data_manifest.json
exponential_smoothing,3,validation,5,recursive,0.0173882999997658,0.0014587999994546,True,,510.4236639394221,338690.18340203125,581.9709472147482,0.4603912385904966,0.4591862659889668,0.3818729797793326,-378.04722878092144,crypto:BTC-USD,crypto,20260928T054600014613Z-2646b062,artifacts\runs\20260928T054600014613Z-2646b062,5.073586999999861,artifacts\runs\20260928T054600014613Z-2646b062\fold_predictions.parquet,artifacts\runs\20260928T054600014613Z-2646b062\config.json,artifacts\runs\20260928T054600014613Z-2646b062\data_manifest.json
exponential_smoothing,3,validation,20,recursive,0.0173882999997658,0.0014587999994546,True,,1977.2531180617923,5105539.786845025,2259.54415465709,1.7168928208513603,1.7314514026561294,1.479280043845782,1210.8651462978337,crypto:BTC-USD,crypto,20260928T054600014613Z-2646b062,artifacts\runs\20260928T054600014613Z-2646b062,5.073586999999861,artifacts\runs\20260928T054600014613Z-2646b062\fold_predictions.parquet,artifacts\runs\20260928T054600014613Z-2646b062\config.json,artifacts\runs\20260928T054600014613Z-2646b062\data_manifest.json
holt_winters,3,validation,1,recursive,0.0820908000005147,0.0019351999999344,True,,309.70252360812447,95915.65312924088,309.70252360812447,0.2799191283515224,0.2803114510367282,0.2317036491267569,309.70252360812447,crypto:BTC-USD,crypto,20260928T054600014613Z-2646b062,artifacts\runs\20260928T054600014613Z-2646b062,5.073586999999861,artifacts\runs\20260928T054600014613Z-2646b062\fold_predictions.parquet,artifacts\runs\20260928T054600014613Z-2646b062\config.json,artifacts\runs\20260928T054600014613Z-2646b062\data_manifest.json
holt_winters,3,validation,5,recursive,0.0820908000005147,0.0019351999999344,True,,311.5548168102338,152297.42194546916,390.2530229805647,0.2795968661488144,0.2801594535258599,0.233089440528071,216.7358264922688,crypto:BTC-USD,crypto,20260928T054600014613Z-2646b062,artifacts\runs\20260928T054600014613Z-2646b062,5.073586999999861,artifacts\runs\20260928T054600014613Z-2646b062\fold_predictions.parquet,artifacts\runs\20260928T054600014613Z-2646b062\config.json,artifacts\runs\20260928T054600014613Z-2646b062\data_manifest.json
holt_winters,3,validation,20,recursive,0.0820908000005147,0.0019351999999344,True,,2251.6089086631664,7291736.201482385,2700.321499651918,1.948884552661017,1.9746789943391665,1.684539068217927,1881.736802242785,crypto:BTC-USD,crypto,20260928T054600014613Z-2646b062,artifacts\runs\20260928T054600014613Z-2646b062,5.073586999999861,artifacts\runs\20260928T054600014613Z-2646b062\fold_predictions.parquet,artifacts\runs\20260928T054600014613Z-2646b062\config.json,artifacts\runs\20260928T054600014613Z-2646b062\data_manifest.json
arima,3,validation,1,recursive,0.0038841000005049,0.0011135000004287,True,1.0,275.60246315272525,75956.71769584928,275.60246315272525,0.249098394028132,0.2487885299118637,0.206191721258334,-275.60246315272525,crypto:BTC-USD,crypto,20260928T054600014613Z-2646b062,artifacts\runs\20260928T054600014613Z-2646b062,5.073586999999861,artifacts\runs\20260928T054600014613Z-2646b062\fold_predictions.parquet,artifacts\runs\20260928T054600014613Z-2646b062\config.json,artifacts\runs\20260928T054600014613Z-2646b062\data_manifest.json
arima,3,validation,5,recursive,0.0038841000005049,0.0011135000004287,True,1.0,596.89220919043,452447.4463990744,672.6421384354941,0.5361037446280508,0.5371195672763295,0.4465643398493965,228.42304993085276,crypto:BTC-USD,crypto,20260928T054600014613Z-2646b062,artifacts\runs\20260928T054600014613Z-2646b062,5.073586999999861,artifacts\runs\20260928T054600014613Z-2646b062\fold_predictions.parquet,artifacts\runs\20260928T054600014613Z-2646b062\config.json,artifacts\runs\20260928T054600014613Z-2646b062\data_manifest.json
arima,3,validation,20,recursive,0.0038841000005049,0.0011135000004287,True,1.0,3387.045089507124,15552255.254452549,3943.634777011247,2.9331352753584805,2.9920964545089497,2.534014569376523,3294.9277996922297,crypto:BTC-USD,crypto,20260928T054600014613Z-2646b062,artifacts\runs\20260928T054600014613Z-2646b062,5.073586999999861,artifacts\runs\20260928T054600014613Z-2646b062\fold_predictions.parquet,artifacts\runs\20260928T054600014613Z-2646b062\config.json,artifacts\runs\20260928T054600014613Z-2646b062\data_manifest.json
sarima,3,validation,1,recursive,0.0131538000005093,0.0042464999996809,True,1.0,95.26652076581377,9075.709978823226,95.26652076581377,0.0861049536928902,0.0860678993304587,0.0712735571021028,-95.26652076581377,crypto:BTC-USD,crypto,20260928T054600014613Z-2646b062,artifacts\runs\20260928T054600014613Z-2646b062,5.073586999999861,artifacts\runs\20260928T054600014613Z-2646b062\fold_predictions.parquet,artifacts\runs\20260928T054600014613Z-2646b062\config.json,artifacts\runs\20260928T054600014613Z-2646b062\data_manifest.json
sarima,3,validation,5,recursive,0.0131538000005093,0.0042464999996809,True,1.0,600.8445547376934,507377.4966894668,712.3043567811914,0.5390444908141867,0.5406803589358672,0.4495212834197678,367.5800066363881,crypto:BTC-USD,crypto,20260928T054600014613Z-2646b062,artifacts\runs\20260928T054600014613Z-2646b062,5.073586999999861,artifacts\runs\20260928T054600014613Z-2646b062\fold_predictions.parquet,artifacts\runs\20260928T054600014613Z-2646b062\config.json,artifacts\runs\20260928T054600014613Z-2646b062\data_manifest.json
sarima,3,validation,20,recursive,0.0131538000005093,0.0042464999996809,True,1.0,3431.233071680352,15949429.28423531,3993.673657703557,2.971335827606613,3.0319294696702936,2.567073766304605,3372.916934655025,crypto:BTC-USD,crypto,20260928T054600014613Z-2646b062,artifacts\runs\20260928T054600014613Z-2646b062,5.073586999999861,artifacts\runs\20260928T054600014613Z-2646b062\fold_predictions.parquet,artifacts\runs\20260928T054600014613Z-2646b062\config.json,artifacts\runs\20260928T054600014613Z-2646b062\data_manifest.json
ridge,3,validation,1,recursive,0.0028116000003137,0.012454599999728,True,,239.5204824825778,57370.061528686856,239.5204824825778,0.216486336300233,0.2162522580049722,0.1791970216621085,-239.5204824825778,crypto:BTC-USD,crypto,20260928T054600014613Z-2646b062,artifacts\runs\20260928T054600014613Z-2646b062,5.073586999999861,artifacts\runs\20260928T054600014613Z-2646b062\fold_predictions.parquet,artifacts\runs\20260928T054600014613Z-2646b062\config.json,artifacts\runs\20260928T054600014613Z-2646b062\data_manifest.json
ridge,3,validation,5,recursive,0.0028116000003137,0.012454599999728,True,,367.3625888564914,228935.5418156505,478.4720909474768,0.3309082787365554,0.3306430215561729,0.2748419722223685,-89.64599070830154,crypto:BTC-USD,crypto,20260928T054600014613Z-2646b062,artifacts\runs\20260928T054600014613Z-2646b062,5.073586999999861,artifacts\runs\20260928T054600014613Z-2646b062\fold_predictions.parquet,artifacts\runs\20260928T054600014613Z-2646b062\config.json,artifacts\runs\20260928T054600014613Z-2646b062\data_manifest.json
ridge,3,validation,20,recursive,0.0028116000003137,0.012454599999728,True,,2758.257649749049,11167425.31229188,3341.769787446748,2.385345195368989,2.4273436584041868,2.063587843046822,2644.0055048578515,crypto:BTC-USD,crypto,20260928T054600014613Z-2646b062,artifacts\runs\20260928T054600014613Z-2646b062,5.073586999999861,artifacts\runs\20260928T054600014613Z-2646b062\fold_predictions.parquet,artifacts\runs\20260928T054600014613Z-2646b062\config.json,artifacts\runs\20260928T054600014613Z-2646b062\data_manifest.json
lasso,3,validation,1,recursive,0.0024779999994279,0.0161152000000583,True,,108.19159198901616,11705.420577117746,108.19159198901616,0.0977870498816125,0.0977392617113108,0.0809434368717253,-108.19159198901616,crypto:BTC-USD,crypto,20260928T054600014613Z-2646b062,artifacts\runs\20260928T054600014613Z-2646b062,5.073586999999861,artifacts\runs\20260928T054600014613Z-2646b062\fold_predictions.parquet,artifacts\runs\20260928T054600014613Z-2646b062\config.json,artifacts\runs\20260928T054600014613Z-2646b062\data_manifest.json
lasso,3,validation,5,recursive,0.0024779999994279,0.0161152000000583,True,,317.01427947158226,199292.5035319625,446.4218896200795,0.2853969956156151,0.2852733441214161,0.2371739323370766,-37.58255672681844,crypto:BTC-USD,crypto,20260928T054600014613Z-2646b062,artifacts\runs\20260928T054600014613Z-2646b062,5.073586999999861,artifacts\runs\20260928T054600014613Z-2646b062\fold_predictions.parquet,artifacts\runs\20260928T054600014613Z-2646b062\config.json,artifacts\runs\20260928T054600014613Z-2646b062\data_manifest.json
lasso,3,validation,20,recursive,0.0024779999994279,0.0161152000000583,True,,2764.377442575046,11305835.503201451,3362.4151295164984,2.39016653876352,2.4327587767736256,2.0681663602418503,2675.7282335254467,crypto:BTC-USD,crypto,20260928T054600014613Z-2646b062,artifacts\runs\20260928T054600014613Z-2646b062,5.073586999999861,artifacts\runs\20260928T054600014613Z-2646b062\fold_predictions.parquet,artifacts\runs\20260928T054600014613Z-2646b062\config.json,artifacts\runs\20260928T054600014613Z-2646b062\data_manifest.json
random_forest,3,validation,1,recursive,0.0215143999994325,0.0428523000000495,True,,1933.247502900078,3737445.907469387,1933.247502900078,1.747331437906795,1.7321978193744618,1.4463572846242958,-1933.247502900078,crypto:BTC-USD,crypto,20260928T054600014613Z-2646b062,artifacts\runs\20260928T054600014613Z-2646b062,5.073586999999861,artifacts\runs\20260928T054600014613Z-2646b062\fold_predictions.parquet,artifacts\runs\20260928T054600014613Z-2646b062\config.json,artifacts\runs\20260928T054600014613Z-2646b062\data_manifest.json
random_forest,3,validation,5,recursive,0.0215143999994325,0.0428523000000495,True,,1439.9099156778598,2522677.18478395,1588.2937967466694,1.298983006567816,1.2887718917124786,1.077267236926089,-1439.9099156778598,crypto:BTC-USD,crypto,20260928T054600014613Z-2646b062,artifacts\runs\20260928T054600014613Z-2646b062,5.073586999999861,artifacts\runs\20260928T054600014613Z-2646b062\fold_predictions.parquet,artifacts\runs\20260928T054600014613Z-2646b062\config.json,artifacts\runs\20260928T054600014613Z-2646b062\data_manifest.json
random_forest,3,validation,20,recursive,0.0215143999994325,0.0428523000000495,True,,2640.306410077733,9023588.843879024,3003.9289012689737,2.2928253229985143,2.3219444561274614,1.975342735023583,1920.3514522388032,crypto:BTC-USD,crypto,20260928T054600014613Z-2646b062,artifacts\runs\20260928T054600014613Z-2646b062,5.073586999999861,artifacts\runs\20260928T054600014613Z-2646b062\fold_predictions.parquet,artifacts\runs\20260928T054600014613Z-2646b062\config.json,artifacts\runs\20260928T054600014613Z-2646b062\data_manifest.json
xgboost,3,validation,1,recursive,0.0101469999999608,0.011628400000518,True,,216.953125,47068.658447265625,216.953125,0.1960892308387563,0.1958971642174818,0.1623132745781563,-216.953125,crypto:BTC-USD,crypto,20260928T054600014613Z-2646b062,artifacts\runs\20260928T054600014613Z-2646b062,5.073586999999861,artifacts\runs\20260928T054600014613Z-2646b062\fold_predictions.parquet,artifacts\runs\20260928T054600014613Z-2646b062\config.json,artifacts\runs\20260928T054600014613Z-2646b062\data_manifest.json
xgboost,3,validation,5,recursive,0.0101469999999608,0.011628400000518,True,,608.609375,482659.9084472656,694.7372945561981,0.5463844499248971,0.547686093569793,0.4553305263301236,287.046875,crypto:BTC-USD,crypto,20260928T054600014613Z-2646b062,artifacts\runs\20260928T054600014613Z-2646b062,5.073586999999861,artifacts\runs\20260928T054600014613Z-2646b062\fold_predictions.parquet,artifacts\runs\20260928T054600014613Z-2646b062\config.json,artifacts\runs\20260928T054600014613Z-2646b062\data_manifest.json
xgboost,3,validation,20,recursive,0.0101469999999608,0.011628400000518,True,,3433.9375,15941971.392822266,3992.739835353948,2.9738627195131184,3.034369065322893,2.5690970817854213,3353.546875,crypto:BTC-USD,crypto,20260928T054600014613Z-2646b062,artifacts\runs\20260928T054600014613Z-2646b062,5.073586999999861,artifacts\runs\20260928T054600014613Z-2646b062\fold_predictions.parquet,artifacts\runs\20260928T054600014613Z-2646b062\config.json,artifacts\runs\20260928T054600014613Z-2646b062\data_manifest.json
rnn,3,validation,1,recursive,0.0196102999998402,0.0047618999997212,True,,1154.3099994441727,1332431.574816806,1154.3099994441727,1.0433026025345018,1.0487735433708425,0.863595930632912,1154.3099994441727,crypto:BTC-USD,crypto,20260928T054600014613Z-2646b062,artifacts\runs\20260928T054600014613Z-2646b062,5.073586999999861,artifacts\runs\20260928T054600014613Z-2646b062\fold_predictions.parquet,artifacts\runs\20260928T054600014613Z-2646b062\config.json,artifacts\runs\20260928T054600014613Z-2646b062\data_manifest.json
rnn,3,validation,5,recursive,0.0196102999998402,0.0047618999997212,True,,1504.9672255914193,2653962.5730130384,1629.0986995922126,1.3509439327243296,1.3616958813914244,1.1259398015979083,1504.9672255914193,crypto:BTC-USD,crypto,20260928T054600014613Z-2646b062,artifacts\runs\20260928T054600014613Z-2646b062,5.073586999999861,artifacts\runs\20260928T054600014613Z-2646b062\fold_predictions.parquet,artifacts\runs\20260928T054600014613Z-2646b062\config.json,artifacts\runs\20260928T054600014613Z-2646b062\data_manifest.json
rnn,3,validation,20,recursive,0.0196102999998402,0.0047618999997212,True,,4555.1333966682505,25409024.28136427,5040.736482039531,3.953634729201124,4.051089003616999,3.407918727852128,4555.1333966682505,crypto:BTC-USD,crypto,20260928T054600014613Z-2646b062,artifacts\runs\20260928T054600014613Z-2646b062,5.073586999999861,artifacts\runs\20260928T054600014613Z-2646b062\fold_predictions.parquet,artifacts\runs\20260928T054600014613Z-2646b062\config.json,artifacts\runs\20260928T054600014613Z-2646b062\data_manifest.json
lstm,3,validation,1,recursive,0.0182247000002462,0.0049062999996749,True,,305.2906470496091,93202.379175969,305.2906470496091,0.2759315320404999,0.2755513654883247,0.2284029078664168,-305.2906470496091,crypto:BTC-USD,crypto,20260928T054600014613Z-2646b062,artifacts\runs\20260928T054600014613Z-2646b062,5.073586999999861,artifacts\runs\20260928T054600014613Z-2646b062\fold_predictions.parquet,artifacts\runs\20260928T054600014613Z-2646b062\config.json,artifacts\runs\20260928T054600014613Z-2646b062\data_manifest.json
lstm,3,validation,5,recursive,0.0182247000002462,0.0049062999996749,True,,553.1581858545426,393102.94630717504,626.9792231862034,0.4970747249367297,0.4977131120364682,0.4138447717946593,152.4976012162515,crypto:BTC-USD,crypto,20260928T054600014613Z-2646b062,artifacts\runs\20260928T054600014613Z-2646b062,5.073586999999861,artifacts\runs\20260928T054600014613Z-2646b062\fold_predictions.parquet,artifacts\runs\20260928T054600014613Z-2646b062\config.json,artifacts\runs\20260928T054600014613Z-2646b062\data_manifest.json
lstm,3,validation,20,recursive,0.0182247000002462,0.0049062999996749,True,,3182.80249665833,13924683.841221947,3731.579269052441,2.755574306165136,2.80823058370094,2.3812106673648743,3082.637350498757,crypto:BTC-USD,crypto,20260928T054600014613Z-2646b062,artifacts\runs\20260928T054600014613Z-2646b062,5.073586999999861,artifacts\runs\20260928T054600014613Z-2646b062\fold_predictions.parquet,artifacts\runs\20260928T054600014613Z-2646b062\config.json,artifacts\runs\20260928T054600014613Z-2646b062\data_manifest.json
gru,3,validation,1,recursive,0.0420333000001846,0.0101532999997289,True,,70.2747513432987,4938.540676362463,70.2747513432987,0.0635165865358809,0.0634964211562355,0.0525759885260767,-70.2747513432987,crypto:BTC-USD,crypto,20260928T054600014613Z-2646b062,artifacts\runs\20260928T054600014613Z-2646b062,5.073586999999861,artifacts\runs\20260928T054600014613Z-2646b062\fold_predictions.parquet,artifacts\runs\20260928T054600014613Z-2646b062\config.json,artifacts\runs\20260928T054600014613Z-2646b062\data_manifest.json
gru,3,validation,5,recursive,0.0420333000001846,0.0101532999997289,True,,667.9764424406924,651302.1504375471,807.0329302064118,0.5989710242646882,0.6012986722873762,0.499745941495962,473.2053325213492,crypto:BTC-USD,crypto,20260928T054600014613Z-2646b062,artifacts\runs\20260928T054600014613Z-2646b062,5.073586999999861,artifacts\runs\20260928T054600014613Z-2646b062\fold_predictions.parquet,artifacts\runs\20260928T054600014613Z-2646b062\config.json,artifacts\runs\20260928T054600014613Z-2646b062\data_manifest.json
gru,3,validation,20,recursive,0.0420333000001846,0.0101532999997289,True,,3639.678553980307,17697246.616014723,4206.809553095401,3.1527228542692063,3.220099975021836,2.723022056070557,3590.985776500471,crypto:BTC-USD,crypto,20260928T054600014613Z-2646b062,artifacts\runs\20260928T054600014613Z-2646b062,5.073586999999861,artifacts\runs\20260928T054600014613Z-2646b062\fold_predictions.parquet,artifacts\runs\20260928T054600014613Z-2646b062\config.json,artifacts\runs\20260928T054600014613Z-2646b062\data_manifest.json
arima,0,final_test,1,recursive,0.0034879000004366,0.0011015999998562,True,0.0,4343.707033603525,18867790.793776736,4343.707033603525,3.9784823535478337,3.900884355686193,3.417671608086538,-4343.707033603525,crypto:BTC-USD,crypto,20260928T054600014613Z-2646b062,artifacts\runs\20260928T054600014613Z-2646b062,5.073586999999861,artifacts\runs\20260928T054600014613Z-2646b062\fold_predictions.parquet,artifacts\runs\20260928T054600014613Z-2646b062\config.json,artifacts\runs\20260928T054600014613Z-2646b062\data_manifest.json
arima,0,final_test,5,recursive,0.0034879000004366,0.0011015999998562,True,0.8,2746.228554698819,9414485.911678184,3068.3034256211013,2.491173750071745,2.454488800674496,2.1607597584509124,-2323.715709030838,crypto:BTC-USD,crypto,20260928T054600014613Z-2646b062,artifacts\runs\20260928T054600014613Z-2646b062,5.073586999999861,artifacts\runs\20260928T054600014613Z-2646b062\fold_predictions.parquet,artifacts\runs\20260928T054600014613Z-2646b062\config.json,artifacts\runs\20260928T054600014613Z-2646b062\data_manifest.json
arima,0,final_test,20,recursive,0.0034879000004366,0.0011015999998562,True,0.95,4971.512301468179,37210340.55177371,6100.027914015945,4.151745918254204,4.260607589282446,3.9116349953014864,3405.282658369756,crypto:BTC-USD,crypto,20260928T054600014613Z-2646b062,artifacts\runs\20260928T054600014613Z-2646b062,5.073586999999861,artifacts\runs\20260928T054600014613Z-2646b062\fold_predictions.parquet,artifacts\runs\20260928T054600014613Z-2646b062\config.json,artifacts\runs\20260928T054600014613Z-2646b062\data_manifest.json
drift,0,final_test,1,recursive,8.89999955688836e-06,7.700000423938036e-06,True,,4523.026132075465,20457765.391437545,4523.026132075465,4.142724063084325,4.058654632044723,3.5587616463635445,-4523.026132075465,crypto:BTC-USD,crypto,20260928T054600014613Z-2646b062,artifacts\runs\20260928T054600014613Z-2646b062,5.073586999999861,artifacts\runs\20260928T054600014613Z-2646b062\fold_predictions.parquet,artifacts\runs\20260928T054600014613Z-2646b062\config.json,artifacts\runs\20260928T054600014613Z-2646b062\data_manifest.json
drift,0,final_test,5,recursive,8.89999955688836e-06,7.700000423938036e-06,True,,2927.026132075471,11344141.578266442,3368.106527155345,2.659706777363871,2.613559396483347,2.303013078536913,-2869.078396226413,crypto:BTC-USD,crypto,20260928T054600014613Z-2646b062,artifacts\runs\20260928T054600014613Z-2646b062,5.073586999999861,artifacts\runs\20260928T054600014613Z-2646b062\fold_predictions.parquet,artifacts\runs\20260928T054600014613Z-2646b062\config.json,artifacts\runs\20260928T054600014613Z-2646b062\data_manifest.json
drift,0,final_test,20,recursive,8.89999955688836e-06,7.700000423938036e-06,True,,4397.3026132075465,25539440.77761668,5053.656179204981,3.7090949687337296,3.756184522444224,3.459841139621368,1487.2256132075477,crypto:BTC-USD,crypto,20260928T054600014613Z-2646b062,artifacts\runs\20260928T054600014613Z-2646b062,5.073586999999861,artifacts\runs\20260928T054600014613Z-2646b062\fold_predictions.parquet,artifacts\runs\20260928T054600014613Z-2646b062\config.json,artifacts\runs\20260928T054600014613Z-2646b062\data_manifest.json
exponential_smoothing,0,final_test,1,recursive,0.0111895999998523,0.0011795000000347,True,,4520.716365279994,20436876.45531036,4520.716365279994,4.140608504561269,4.056624044469577,3.5569442990293174,-4520.716365279994,crypto:BTC-USD,crypto,20260928T054600014613Z-2646b062,artifacts\runs\20260928T054600014613Z-2646b062,5.073586999999861,artifacts\runs\20260928T054600014613Z-2646b062\fold_predictions.parquet,artifacts\runs\20260928T054600014613Z-2646b062\config.json,artifacts\runs\20260928T054600014613Z-2646b062\data_manifest.json
exponential_smoothing,0,final_test,5,recursive,0.0111895999998523,0.0011795000000347,True,,2927.89912066854,11370067.541185344,3371.953075175475,2.660589797483068,2.614330958588527,2.303699954586709,-2878.0628727827198,crypto:BTC-USD,crypto,20260928T054600014613Z-2646b062,artifacts\runs\20260928T054600014613Z-2646b062,5.073586999999861,artifacts\runs\20260928T054600014613Z-2646b062\fold_predictions.parquet,artifacts\runs\20260928T054600014613Z-2646b062\config.json,artifacts\runs\20260928T054600014613Z-2646b062\data_manifest.json
exponential_smoothing,0,final_test,20,recursive,0.0111895999998523,0.0011795000000347,True,,4397.867325375137,25354243.5911167,5035.299751863508,3.7110519781537783,3.756493230285847,3.460285460733953,1435.8877240820634,crypto:BTC-USD,crypto,20260928T054600014613Z-2646b062,artifacts\runs\20260928T054600014613Z-2646b062,5.073586999999861,artifacts\runs\20260928T054600014613Z-2646b062\fold_predictions.parquet,artifacts\runs\20260928T054600014613Z-2646b062\config.json,artifacts\runs\20260928T054600014613Z-2646b062\data_manifest.json
gru,0,final_test,1,recursive,0.0323146999999153,0.0101512000001093,True,,3365.75671912916,11328318.292363089,3365.75671912916,3.082759405687085,3.0359636777722026,2.6482106389093496,-3365.75671912916,crypto:BTC-USD,crypto,20260928T054600014613Z-2646b062,artifacts\runs\20260928T054600014613Z-2646b062,5.073586999999861,artifacts\runs\20260928T054600014613Z-2646b062\fold_predictions.parquet,artifacts\runs\20260928T054600014613Z-2646b062\config.json,artifacts\runs\20260928T054600014613Z-2646b062\data_manifest.json
gru,0,final_test,5,recursive,0.0323146999999153,0.0101512000001093,True,,2192.8821906746366,5853869.26923484,2419.477065242578,1.978541198560261,1.9654601297997083,1.7253813724011355,-1031.9973312593063,crypto:BTC-USD,crypto,20260928T054600014613Z-2646b062,artifacts\runs\20260928T054600014613Z-2646b062,5.073586999999861,artifacts\runs\20260928T054600014613Z-2646b062\fold_predictions.parquet,artifacts\runs\20260928T054600014613Z-2646b062\config.json,artifacts\runs\20260928T054600014613Z-2646b062\data_manifest.json
gru,0,final_test,20,recursive,0.0323146999999153,0.0101512000001093,True,,6021.822928755614,54204197.89407587,7362.350025234869,5.011926953218183,5.193212709337108,4.7380297734902665,5162.334044034244,crypto:BTC-USD,crypto,20260928T054600014613Z-2646b062,artifacts\runs\20260928T054600014613Z-2646b062,5.073586999999861,artifacts\runs\20260928T054600014613Z-2646b062\fold_predictions.parquet,artifacts\runs\20260928T054600014613Z-2646b062\config.json,artifacts\runs\20260928T054600014613Z-2646b062\data_manifest.json
holt_winters,0,final_test,1,recursive,0.0801740999995672,0.0027030000001104,True,,4323.1248115080525,18689408.135876536,4323.1248115080525,3.9596307121341385,3.882759248297236,3.401477312397892,-4323.1248115080525,crypto:BTC-USD,crypto,20260928T054600014613Z-2646b062,artifacts\runs\20260928T054600014613Z-2646b062,5.073586999999861,artifacts\runs\20260928T054600014613Z-2646b062\fold_predictions.parquet,artifacts\runs\20260928T054600014613Z-2646b062\config.json,artifacts\runs\20260928T054600014613Z-2646b062\data_manifest.json
holt_winters,0,final_test,5,recursive,0.0801740999995672,0.0027030000001104,True,,2429.6692480537545,7543647.069721853,2746.5700554913674,2.20406115217739,2.174953487414028,1.9116877685062177,-2005.190906576594,crypto:BTC-USD,crypto,20260928T054600014613Z-2646b062,artifacts\runs\20260928T054600014613Z-2646b062,5.073586999999861,artifacts\runs\20260928T054600014613Z-2646b062\fold_predictions.parquet,artifacts\runs\20260928T054600014613Z-2646b062\config.json,artifacts\runs\20260928T054600014613Z-2646b062\data_manifest.json
holt_winters,0,final_test,20,recursive,0.0801740999995672,0.0027030000001104,True,,4299.182820864706,29704548.84349767,5450.187964052036,3.5896499346219315,3.6718756443463367,3.3826395176226405,2620.6817326091277,crypto:BTC-USD,crypto,20260928T054600014613Z-2646b062,artifacts\runs\20260928T054600014613Z-2646b062,5.073586999999861,artifacts\runs\20260928T054600014613Z-2646b062\fold_predictions.parquet,artifacts\runs\20260928T054600014613Z-2646b062\config.json,artifacts\runs\20260928T054600014613Z-2646b062\data_manifest.json
lasso,0,final_test,1,recursive,0.0033000000003085,0.0124542000003202,True,,4381.290713070048,19195708.312433846,4381.290713070048,4.012905947124059,3.933972636186185,3.4472428184021653,-4381.290713070048,crypto:BTC-USD,crypto,20260928T054600014613Z-2646b062,artifacts\runs\20260928T054600014613Z-2646b062,5.073586999999861,artifacts\runs\20260928T054600014613Z-2646b062\fold_predictions.parquet,artifacts\runs\20260928T054600014613Z-2646b062\config.json,artifacts\runs\20260928T054600014613Z-2646b062\data_manifest.json
lasso,0,final_test,5,recursive,0.0033000000003085,0.0124542000003202,True,,2777.4195334122546,9562712.08698832,3092.3635114566205,2.518891655595408,2.481966462934545,2.1853011286567443,-2313.497406221114,crypto:BTC-USD,crypto,20260928T054600014613Z-2646b062,artifacts\runs\20260928T054600014613Z-2646b062,5.073586999999861,artifacts\runs\20260928T054600014613Z-2646b062\fold_predictions.parquet,artifacts\runs\20260928T054600014613Z-2646b062\config.json,artifacts\runs\20260928T054600014613Z-2646b062\data_manifest.json
lasso,0,final_test,20,recursive,0.0033000000003085,0.0124542000003202,True,,4976.038571443865,37209971.36726926,6099.997653054406,4.1557836420280445,4.26460593816104,3.9151963092360496,3418.6331509777665,crypto:BTC-USD,crypto,20260928T054600014613Z-2646b062,artifacts\runs\20260928T054600014613Z-2646b062,5.073586999999861,artifacts\runs\20260928T054600014613Z-2646b062\fold_predictions.parquet,artifacts\runs\20260928T054600014613Z-2646b062\config.json,artifacts\runs\20260928T054600014613Z-2646b062\data_manifest.json
last_value,0,final_test,1,recursive,9.60000033956021e-06,6.000000212225132e-06,True,,4340.0,18835600.0,4340.0,3.97508701227331,3.89762011674899,3.4147548774233103,-4340.0,crypto:BTC-USD,crypto,20260928T054600014613Z-2646b062,artifacts\runs\20260928T054600014613Z-2646b062,5.073586999999861,artifacts\runs\20260928T054600014613Z-2646b062\fold_predictions.parquet,artifacts\runs\20260928T054600014613Z-2646b062\config.json,artifacts\runs\20260928T054600014613Z-2646b062\data_manifest.json
last_value,0,final_test,5,recursive,9.60000033956021e-06,6.000000212225132e-06,True,,2744.0,9397240.0,3065.491803936197,2.489129166566805,2.4525262831149366,2.1590063095966734,-2320.0,crypto:BTC-USD,crypto,20260928T054600014613Z-2646b062,artifacts\runs\20260928T054600014613Z-2646b062,5.073586999999861,artifacts\runs\20260928T054600014613Z-2646b062\fold_predictions.parquet,artifacts\runs\20260928T054600014613Z-2646b062\config.json,artifacts\runs\20260928T054600014613Z-2646b062\data_manifest.json
last_value,0,final_test,20,recursive,9.60000033956021e-06,6.000000212225132e-06,True,,4973.0,37235680.0,6102.104554987566,4.152920441961324,4.261916223278219,3.912805531204176,3409.0,crypto:BTC-USD,crypto,20260928T054600014613Z-2646b062,artifacts\runs\20260928T054600014613Z-2646b062,5.073586999999861,artifacts\runs\20260928T054600014613Z-2646b062\fold_predictions.parquet,artifacts\runs\20260928T054600014613Z-2646b062\config.json,artifacts\runs\20260928T054600014613Z-2646b062\data_manifest.json
lstm,0,final_test,1,recursive,0.0220117999997455,0.0056512000001021,True,,3059.954101599753,9363319.10389715,3059.954101599753,2.802669080051065,2.7639370751523837,2.407602118232539,-3059.954101599753,crypto:BTC-USD,crypto,20260928T054600014613Z-2646b062,artifacts\runs\20260928T054600014613Z-2646b062,5.073586999999861,artifacts\runs\20260928T054600014613Z-2646b062\fold_predictions.parquet,artifacts\runs\20260928T054600014613Z-2646b062\config.json,artifacts\runs\20260928T054600014613Z-2646b062\data_manifest.json
lstm,0,final_test,5,recursive,0.0220117999997455,0.0056512000001021,True,,2118.963443383435,5286644.093664691,2299.270339404371,1.9084035439324112,1.899858294477525,1.6672213717454554,-780.4790470588487,crypto:BTC-USD,crypto,20260928T054600014613Z-2646b062,artifacts\runs\20260928T054600014613Z-2646b062,5.073586999999861,artifacts\runs\20260928T054600014613Z-2646b062\fold_predictions.parquet,artifacts\runs\20260928T054600014613Z-2646b062\config.json,artifacts\runs\20260928T054600014613Z-2646b062\data_manifest.json
lstm,0,final_test,20,recursive,0.0220117999997455,0.0056512000001021,True,,6209.798122140998,57577269.91659292,7587.968760913089,5.166522865959,5.361778707774047,4.885930512763845,5468.465527586755,crypto:BTC-USD,crypto,20260928T054600014613Z-2646b062,artifacts\runs\20260928T054600014613Z-2646b062,5.073586999999861,artifacts\runs\20260928T054600014613Z-2646b062\fold_predictions.parquet,artifacts\runs\20260928T054600014613Z-2646b062\config.json,artifacts\runs\20260928T054600014613Z-2646b062\data_manifest.json
random_forest,0,final_test,1,recursive,0.0258358999999472,0.0558770000006916,True,,3591.344692135346,12897756.697728723,3591.344692135346,3.289379641083849,3.236154930367135,2.82570548478744,-3591.344692135346,crypto:BTC-USD,crypto,20260928T054600014613Z-2646b062,artifacts\runs\20260928T054600014613Z-2646b062,5.073586999999861,artifacts\runs\20260928T054600014613Z-2646b062\fold_predictions.parquet,artifacts\runs\20260928T054600014613Z-2646b062\config.json,artifacts\runs\20260928T054600014613Z-2646b062\data_manifest.json
random_forest,0,final_test,5,recursive,0.0258358999999472,0.0558770000006916,True,,2107.5434980511404,5716219.705473395,2390.8617077266085,1.903213315394469,1.8891891314803244,1.6582360459336214,-1131.1539135085447,crypto:BTC-USD,crypto,20260928T054600014613Z-2646b062,artifacts\runs\20260928T054600014613Z-2646b062,5.073586999999861,artifacts\runs\20260928T054600014613Z-2646b062\fold_predictions.parquet,artifacts\runs\20260928T054600014613Z-2646b062\config.json,artifacts\runs\20260928T054600014613Z-2646b062\data_manifest.json
random_forest,0,final_test,20,recursive,0.0258358999999472,0.0558770000006916,True,,5667.518949394503,48763152.0015289,6983.061792761747,4.715780819446817,4.876926440479546,4.459259902150671,4741.941992640231,crypto:BTC-USD,crypto,20260928T054600014613Z-2646b062,artifacts\runs\20260928T054600014613Z-2646b062,5.073586999999861,artifacts\runs\20260928T054600014613Z-2646b062\fold_predictions.parquet,artifacts\runs\20260928T054600014613Z-2646b062\config.json,artifacts\runs\20260928T054600014613Z-2646b062\data_manifest.json
ridge,0,final_test,1,recursive,0.0027755000000979,0.0129204000004392,True,,4296.39384602358,18459000.080149293,4296.39384602358,3.935147321875417,3.85921443513068,3.380445124663713,-4296.39384602358,crypto:BTC-USD,crypto,20260928T054600014613Z-2646b062,artifacts\runs\20260928T054600014613Z-2646b062,5.073586999999861,artifacts\runs\20260928T054600014613Z-2646b062\fold_predictions.parquet,artifacts\runs\20260928T054600014613Z-2646b062\config.json,artifacts\runs\20260928T054600014613Z-2646b062\data_manifest.json
ridge,0,final_test,5,recursive,0.0027755000000979,0.0129204000004392,True,,2730.8885025024792,9223271.227062777,3036.9839029969808,2.476395789844604,2.440989568850048,2.1486900538293963,-2251.26624968299,crypto:BTC-USD,crypto,20260928T054600014613Z-2646b062,artifacts\runs\20260928T054600014613Z-2646b062,5.073586999999861,artifacts\runs\20260928T054600014613Z-2646b062\fold_predictions.parquet,artifacts\runs\20260928T054600014613Z-2646b062\config.json,artifacts\runs\20260928T054600014613Z-2646b062\data_manifest.json
ridge,0,final_test,20,recursive,0.0027755000000979,0.0129204000004392,True,,5000.588508234249,37656327.89971063,6136.475201588501,4.175000274300163,4.2862035908953136,3.93451244204605,3481.273702222811,crypto:BTC-USD,crypto,20260928T054600014613Z-2646b062,artifacts\runs\20260928T054600014613Z-2646b062,5.073586999999861,artifacts\runs\20260928T054600014613Z-2646b062\fold_predictions.parquet,artifacts\runs\20260928T054600014613Z-2646b062\config.json,artifacts\runs\20260928T054600014613Z-2646b062\data_manifest.json
rnn,0,final_test,1,recursive,0.0222027999998317,0.004899700000351,True,,49.88487285049632,2488.500539310185,49.88487285049632,0.0456904862158786,0.0457009267036866,0.0392499108008926,49.88487285049632,crypto:BTC-USD,crypto,20260928T054600014613Z-2646b062,artifacts\runs\20260928T054600014613Z-2646b062,5.073586999999861,artifacts\runs\20260928T054600014613Z-2646b062\fold_predictions.parquet,artifacts\runs\20260928T054600014613Z-2646b062\config.json,artifacts\runs\20260928T054600014613Z-2646b062\data_manifest.json
rnn,0,final_test,5,recursive,0.0222027999998317,0.004899700000351,True,,1615.7776549938137,6361068.151334464,2522.115808470036,1.4227424747218826,1.4476745189986515,1.271309822170904,1615.7776549938137,crypto:BTC-USD,crypto,20260928T054600014613Z-2646b062,artifacts\runs\20260928T054600014613Z-2646b062,5.073586999999861,artifacts\runs\20260928T054600014613Z-2646b062\fold_predictions.parquet,artifacts\runs\20260928T054600014613Z-2646b062\config.json,artifacts\runs\20260928T054600014613Z-2646b062\data_manifest.json
rnn,0,final_test,20,recursive,0.0222027999998317,0.004899700000351,True,,7298.530894263589,78644583.31289034,8868.17812816648,6.066714921750781,6.346363770480795,5.742556214103987,7298.530894263589,crypto:BTC-USD,crypto,20260928T054600014613Z-2646b062,artifacts\runs\20260928T054600014613Z-2646b062,5.073586999999861,artifacts\runs\20260928T054600014613Z-2646b062\fold_predictions.parquet,artifacts\runs\20260928T054600014613Z-2646b062\config.json,artifacts\runs\20260928T054600014613Z-2646b062\data_manifest.json
sarima,0,final_test,1,recursive,0.0119810999995024,0.0015813999998499,True,0.0,4321.769157946852,18677688.65458064,4321.769157946852,3.958389043732233,3.881565315642383,3.400410670782637,-4321.769157946852,crypto:BTC-USD,crypto,20260928T054600014613Z-2646b062,artifacts\runs\20260928T054600014613Z-2646b062,5.073586999999861,artifacts\runs\20260928T054600014613Z-2646b062\fold_predictions.parquet,artifacts\runs\20260928T054600014613Z-2646b062\config.json,artifacts\runs\20260928T054600014613Z-2646b062\data_manifest.json
sarima,0,final_test,5,recursive,0.0119810999995024,0.0015813999998499,True,0.8,2734.8655544550857,9218721.291685466,3036.234722758678,2.47964815501114,2.444504527424487,2.151819237597352,-2229.821490970912,crypto:BTC-USD,crypto,20260928T054600014613Z-2646b062,artifacts\runs\20260928T054600014613Z-2646b062,5.073586999999861,artifacts\runs\20260928T054600014613Z-2646b062\fold_predictions.parquet,artifacts\runs\20260928T054600014613Z-2646b062\config.json,artifacts\runs\20260928T054600014613Z-2646b062\data_manifest.json
sarima,0,final_test,20,recursive,0.0119810999995024,0.0015813999998499,True,0.95,5070.581728687355,38631891.36726525,6215.455845492368,4.232996560550923,4.347855027896936,3.989583799402919,3567.285273622888,crypto:BTC-USD,crypto,20260928T054600014613Z-2646b062,artifacts\runs\20260928T054600014613Z-2646b062,5.073586999999861,artifacts\runs\20260928T054600014613Z-2646b062\fold_predictions.parquet,artifacts\runs\20260928T054600014613Z-2646b062\config.json,artifacts\runs\20260928T054600014613Z-2646b062\data_manifest.json
seasonal_naive,0,final_test,1,recursive,1.2399999832268804e-05,1.539999993838137e-05,True,,7910.0,62568100.0,7910.0,7.244916651401355,6.991647147213506,6.22366614756184,-7910.0,crypto:BTC-USD,crypto,20260928T054600014613Z-2646b062,artifacts\runs\20260928T054600014613Z-2646b062,5.073586999999861,artifacts\runs\20260928T054600014613Z-2646b062\fold_predictions.parquet,artifacts\runs\20260928T054600014613Z-2646b062\config.json,artifacts\runs\20260928T054600014613Z-2646b062\data_manifest.json
seasonal_naive,0,final_test,5,recursive,1.2399999832268804e-05,1.539999993838137e-05,True,,4914.0,28973820.0,5382.733506314426,4.454629693557132,4.342821738781518,3.866383748308329,-4206.0,crypto:BTC-USD,crypto,20260928T054600014613Z-2646b062,artifacts\runs\20260928T054600014613Z-2646b062,5.073586999999861,artifacts\runs\20260928T054600014613Z-2646b062\fold_predictions.parquet,artifacts\runs\20260928T054600014613Z-2646b062\config.json,artifacts\runs\20260928T054600014613Z-2646b062\data_manifest.json
seasonal_naive,0,final_test,20,recursive,1.2399999832268804e-05,1.539999993838137e-05,True,,5249.0,36298520.0,6024.825308670784,4.44643789827072,4.5071754859573465,4.129965057971188,2185.0,crypto:BTC-USD,crypto,20260928T054600014613Z-2646b062,artifacts\runs\20260928T054600014613Z-2646b062,5.073586999999861,artifacts\runs\20260928T054600014613Z-2646b062\fold_predictions.parquet,artifacts\runs\20260928T054600014613Z-2646b062\config.json,artifacts\runs\20260928T054600014613Z-2646b062\data_manifest.json
xgboost,0,final_test,1,recursive,0.0143727000004219,0.0163692000005539,True,,2256.953125,5093837.408447266,2256.953125,2.067185496427917,2.046037798120824,1.7757930165229336,-2256.953125,crypto:BTC-USD,crypto,20260928T054600014613Z-2646b062,artifacts\runs\20260928T054600014613Z-2646b062,5.073586999999861,artifacts\runs\20260928T054600014613Z-2646b062\fold_predictions.parquet,artifacts\runs\20260928T054600014613Z-2646b062\config.json,artifacts\runs\20260928T054600014613Z-2646b062\data_manifest.json
xgboost,0,final_test,5,recursive,0.0143727000004219,0.0163692000005539,True,,1903.45,4276495.359277343,2067.9688970768743,1.7053739197565885,1.7073752470081422,1.4976532653067742,-128.775,crypto:BTC-USD,crypto,20260928T054600014613Z-2646b062,artifacts\runs\20260928T054600014613Z-2646b062,5.073586999999861,artifacts\runs\20260928T054600014613Z-2646b062\fold_predictions.parquet,artifacts\runs\20260928T054600014613Z-2646b062\config.json,artifacts\runs\20260928T054600014613Z-2646b062\data_manifest.json
xgboost,0,final_test,20,recursive,0.0143727000004219,0.0163692000005539,True,,6190.0359375,57854493.97531738,7606.214168383466,5.144413300330908,5.34420085450234,4.870381430646013,5654.3140625,crypto:BTC-USD,crypto,20260928T054600014613Z-2646b062,artifacts\runs\20260928T054600014613Z-2646b062,5.073586999999861,artifacts\runs\20260928T054600014613Z-2646b062\fold_predictions.parquet,artifacts\runs\20260928T054600014613Z-2646b062\config.json,artifacts\runs\20260928T054600014613Z-2646b062\data_manifest.json
last_value,1,validation,1,recursive,1.2399999832268804e-05,6.50000038149301e-06,True,,5.791259765625,33.53868967294693,5.791259765625,0.978083624479964,0.9828903693545878,1.0060393315887566,5.791259765625,equity:SPY,equity,20260928T054602477182Z-e456fc7a,artifacts\runs\20260928T054602477182Z-e456fc7a,2.3482788000001165,artifacts\runs\20260928T054602477182Z-e456fc7a\fold_predictions.parquet,artifacts\runs\20260928T054602477182Z-e456fc7a\config.json,artifacts\runs\20260928T054602477182Z-e456fc7a\data_manifest.json
last_value,1,validation,5,recursive,1.2399999832268804e-05,6.50000038149301e-06,True,,13.6997802734375,212.3045541897416,14.570674458985817,2.2765563483302267,2.3061589745725426,2.3798825034598443,13.6997802734375,equity:SPY,equity,20260928T054602477182Z-e456fc7a,artifacts\runs\20260928T054602477182Z-e456fc7a,2.3482788000001165,artifacts\runs\20260928T054602477182Z-e456fc7a\fold_predictions.parquet,artifacts\runs\20260928T054602477182Z-e456fc7a\config.json,artifacts\runs\20260928T054602477182Z-e456fc7a\data_manifest.json
last_value,1,validation,20,recursive,1.2399999832268804e-05,6.50000038149301e-06,True,,24.99034423828125,681.511791774258,26.105780811426765,4.073230290021644,4.16552439111021,4.341243568952588,24.99034423828125,equity:SPY,equity,20260928T054602477182Z-e456fc7a,artifacts\runs\20260928T054602477182Z-e456fc7a,2.3482788000001165,artifacts\runs\20260928T054602477182Z-e456fc7a\fold_predictions.parquet,artifacts\runs\20260928T054602477182Z-e456fc7a\config.json,artifacts\runs\20260928T054602477182Z-e456fc7a\data_manifest.json
drift,1,validation,1,recursive,1.1199999789823778e-05,1.1699999959091656e-05,True,,5.857534697561505,34.31071273313695,5.857534697561505,0.9892767721307366,0.9941944394604354,1.0175524031698748,5.857534697561505,equity:SPY,equity,20260928T054602477182Z-e456fc7a,artifacts\runs\20260928T054602477182Z-e456fc7a,2.3482788000001165,artifacts\runs\20260928T054602477182Z-e456fc7a\fold_predictions.parquet,artifacts\runs\20260928T054602477182Z-e456fc7a\config.json,artifacts\runs\20260928T054602477182Z-e456fc7a\data_manifest.json
drift,1,validation,5,recursive,1.1199999789823778e-05,1.1699999959091656e-05,True,,13.89860506924715,218.70578682607012,14.788704704133831,2.309569575923509,2.340070489174612,2.4144217182032226,13.89860506924715,equity:SPY,equity,20260928T054602477182Z-e456fc7a,artifacts\runs\20260928T054602477182Z-e456fc7a,2.3482788000001165,artifacts\runs\20260928T054602477182Z-e456fc7a\fold_predictions.parquet,artifacts\runs\20260928T054602477182Z-e456fc7a\config.json,artifacts\runs\20260928T054602477182Z-e456fc7a\data_manifest.json
drift,1,validation,20,recursive,1.1199999789823778e-05,1.1699999959091656e-05,True,,25.686231023615058,722.0831488954652,26.871604881276912,4.186387796724243,4.284233261140289,4.462130820554419,25.686231023615058,equity:SPY,equity,20260928T054602477182Z-e456fc7a,artifacts\runs\20260928T054602477182Z-e456fc7a,2.3482788000001165,artifacts\runs\20260928T054602477182Z-e456fc7a\fold_predictions.parquet,artifacts\runs\20260928T054602477182Z-e456fc7a\config.json,artifacts\runs\20260928T054602477182Z-e456fc7a\data_manifest.json
seasonal_naive,1,validation,1,recursive,1.0200000360782724e-05,1.609999981155852e-05,True,,4.8438720703125,23.463096633553505,4.8438720703125,0.81807968262277,0.8214396982610055,0.8414621372786444,4.8438720703125,equity:SPY,equity,20260928T054602477182Z-e456fc7a,artifacts\runs\20260928T054602477182Z-e456fc7a,2.3482788000001165,artifacts\runs\20260928T054602477182Z-e456fc7a\fold_predictions.parquet,artifacts\runs\20260928T054602477182Z-e456fc7a\config.json,artifacts\runs\20260928T054602477182Z-e456fc7a\data_manifest.json
seasonal_naive,1,validation,5,recursive,1.0200000360782724e-05,1.609999981155852e-05,True,,11.6335693359375,170.3837424352765,13.0531123658412,1.9314691390525456,1.9551561260591228,2.020946873802496,11.6335693359375,equity:SPY,equity,20260928T054602477182Z-e456fc7a,artifacts\runs\20260928T054602477182Z-e456fc7a,2.3482788000001165,artifacts\runs\20260928T054602477182Z-e456fc7a\fold_predictions.parquet,artifacts\runs\20260928T054602477182Z-e456fc7a\config.json,artifacts\runs\20260928T054602477182Z-e456fc7a\data_manifest.json
seasonal_naive,1,validation,20,recursive,1.0200000360782724e-05,1.609999981155852e-05,True,,22.92413330078125,591.3556008961052,24.3178041956116,3.734698093975565,3.8146234037242266,3.982307939295239,22.92413330078125,equity:SPY,equity,20260928T054602477182Z-e456fc7a,artifacts\runs\20260928T054602477182Z-e456fc7a,2.3482788000001165,artifacts\runs\20260928T054602477182Z-e456fc7a\fold_predictions.parquet,artifacts\runs\20260928T054602477182Z-e456fc7a\config.json,artifacts\runs\20260928T054602477182Z-e456fc7a\data_manifest.json
exponential_smoothing,1,validation,1,recursive,0.0149779000003036,0.0010669000002963,True,,5.65575237385508,31.987534914367373,5.65575237385508,0.9551978334344908,0.9597817406305924,0.9824994160334692,5.65575237385508,equity:SPY,equity,20260928T054602477182Z-e456fc7a,artifacts\runs\20260928T054602477182Z-e456fc7a,2.3482788000001165,artifacts\runs\20260928T054602477182Z-e456fc7a\fold_predictions.parquet,artifacts\runs\20260928T054602477182Z-e456fc7a\config.json,artifacts\runs\20260928T054602477182Z-e456fc7a\data_manifest.json
exponential_smoothing,1,validation,5,recursive,0.0149779000003036,0.0010669000002963,True,,13.686683389233416,212.7893302724024,14.587300307884334,2.274257166711157,2.303925304701848,2.3776073541548897,13.686683389233416,equity:SPY,equity,20260928T054602477182Z-e456fc7a,artifacts\runs\20260928T054602477182Z-e456fc7a,2.3482788000001165,artifacts\runs\20260928T054602477182Z-e456fc7a\fold_predictions.parquet,artifacts\runs\20260928T054602477182Z-e456fc7a\config.json,artifacts\runs\20260928T054602477182Z-e456fc7a\data_manifest.json
exponential_smoothing,1,validation,20,recursive,0.0149779000003036,0.0010669000002963,True,,25.4362867574492,708.8891557316699,26.62497240809218,4.145547578298971,4.241580920398431,4.418711293086408,25.4362867574492,equity:SPY,equity,20260928T054602477182Z-e456fc7a,artifacts\runs\20260928T054602477182Z-e456fc7a,2.3482788000001165,artifacts\runs\20260928T054602477182Z-e456fc7a\fold_predictions.parquet,artifacts\runs\20260928T054602477182Z-e456fc7a\config.json,artifacts\runs\20260928T054602477182Z-e456fc7a\data_manifest.json
holt_winters,1,validation,1,recursive,0.0623615999993489,0.0012945000007675,True,,1.6674390260890275,2.780352905724725,1.6674390260890275,0.2816131329347284,0.2820102218451957,0.2896622343257251,1.6674390260890275,equity:SPY,equity,20260928T054602477182Z-e456fc7a,artifacts\runs\20260928T054602477182Z-e456fc7a,2.3482788000001165,artifacts\runs\20260928T054602477182Z-e456fc7a\fold_predictions.parquet,artifacts\runs\20260928T054602477182Z-e456fc7a\config.json,artifacts\runs\20260928T054602477182Z-e456fc7a\data_manifest.json
holt_winters,1,validation,5,recursive,0.0623615999993489,0.0012945000007675,True,,12.233324196403396,189.10548234604897,13.751562905577275,2.0303445672128486,2.056660551726111,2.125134391434093,12.233324196403396,equity:SPY,equity,20260928T054602477182Z-e456fc7a,artifacts\runs\20260928T054602477182Z-e456fc7a,2.3482788000001165,artifacts\runs\20260928T054602477182Z-e456fc7a\fold_predictions.parquet,artifacts\runs\20260928T054602477182Z-e456fc7a\config.json,artifacts\runs\20260928T054602477182Z-e456fc7a\data_manifest.json
holt_winters,1,validation,20,recursive,0.0623615999993489,0.0012945000007675,True,,23.71478950967377,629.7003897367299,25.093831706950017,3.863410806187812,3.9485711368897474,4.119658235448789,23.71478950967377,equity:SPY,equity,20260928T054602477182Z-e456fc7a,artifacts\runs\20260928T054602477182Z-e456fc7a,2.3482788000001165,artifacts\runs\20260928T054602477182Z-e456fc7a\fold_predictions.parquet,artifacts\runs\20260928T054602477182Z-e456fc7a\config.json,artifacts\runs\20260928T054602477182Z-e456fc7a\data_manifest.json
arima,1,validation,1,recursive,0.0032399000001532,0.0013761000000158,True,1.0,5.5646564083094745,30.965400942539706,5.5646564083094745,0.9398126710065832,0.9442497604539308,0.9666745129904534,5.5646564083094745,equity:SPY,equity,20260928T054602477182Z-e456fc7a,artifacts\runs\20260928T054602477182Z-e456fc7a,2.3482788000001165,artifacts\runs\20260928T054602477182Z-e456fc7a\fold_predictions.parquet,artifacts\runs\20260928T054602477182Z-e456fc7a\config.json,artifacts\runs\20260928T054602477182Z-e456fc7a\data_manifest.json
arima,1,validation,5,recursive,0.0032399000001532,0.0013761000000158,True,1.0,13.499643669032071,206.95985903802656,14.386099507442124,2.2431847511368765,2.2720348908542625,2.3451154054758097,13.499643669032071,equity:SPY,equity,20260928T054602477182Z-e456fc7a,artifacts\runs\20260928T054602477182Z-e456fc7a,2.3482788000001165,artifacts\runs\20260928T054602477182Z-e456fc7a\fold_predictions.parquet,artifacts\runs\20260928T054602477182Z-e456fc7a\config.json,artifacts\runs\20260928T054602477182Z-e456fc7a\data_manifest.json
arima,1,validation,20,recursive,0.0032399000001532,0.0013761000000158,True,1.0,24.794325879930074,671.8088108588993,25.919274890685102,4.041151943762753,4.132113091499751,4.307191879649118,24.794325879930074,equity:SPY,equity,20260928T054602477182Z-e456fc7a,artifacts\runs\20260928T054602477182Z-e456fc7a,2.3482788000001165,artifacts\runs\20260928T054602477182Z-e456fc7a\fold_predictions.parquet,artifacts\runs\20260928T054602477182Z-e456fc7a\config.json,artifacts\runs\20260928T054602477182Z-e456fc7a\data_manifest.json
sarima,1,validation,1,recursive,0.0136757999998735,0.0016567000002396,True,1.0,5.909161506869623,34.91818971426967,5.909161506869623,0.997996004009808,1.003000958754081,1.0265208492127704,5.909161506869623,equity:SPY,equity,20260928T054602477182Z-e456fc7a,artifacts\runs\20260928T054602477182Z-e456fc7a,2.3482788000001165,artifacts\runs\20260928T054602477182Z-e456fc7a\fold_predictions.parquet,artifacts\runs\20260928T054602477182Z-e456fc7a\config.json,artifacts\runs\20260928T054602477182Z-e456fc7a\data_manifest.json
sarima,1,validation,5,recursive,0.0136757999998735,0.0016567000002396,True,1.0,13.784881772350923,215.04627256939725,14.664456095245988,2.290687417774297,2.32067384110748,2.3946660667170554,13.784881772350923,equity:SPY,equity,20260928T054602477182Z-e456fc7a,artifacts\runs\20260928T054602477182Z-e456fc7a,2.3482788000001165,artifacts\runs\20260928T054602477182Z-e456fc7a\fold_predictions.parquet,artifacts\runs\20260928T054602477182Z-e456fc7a\config.json,artifacts\runs\20260928T054602477182Z-e456fc7a\data_manifest.json
sarima,1,validation,20,recursive,0.0136757999998735,0.0016567000002396,True,1.0,25.17158987774703,691.44585920893,26.29535813045584,4.102770496966474,4.196426263038403,4.372728988250103,25.17158987774703,equity:SPY,equity,20260928T054602477182Z-e456fc7a,artifacts\runs\20260928T054602477182Z-e456fc7a,2.3482788000001165,artifacts\runs\20260928T054602477182Z-e456fc7a\fold_predictions.parquet,artifacts\runs\20260928T054602477182Z-e456fc7a\config.json,artifacts\runs\20260928T054602477182Z-e456fc7a\data_manifest.json
ridge,1,validation,1,recursive,0.002431400000205,0.0104074999999284,True,,7.692450755590585,59.17379862718616,7.692450755590585,1.299175036288446,1.307669494100704,1.3363082178370538,7.692450755590585,equity:SPY,equity,20260928T054602477182Z-e456fc7a,artifacts\runs\20260928T054602477182Z-e456fc7a,2.3482788000001165,artifacts\runs\20260928T054602477182Z-e456fc7a\fold_predictions.parquet,artifacts\runs\20260928T054602477182Z-e456fc7a\config.json,artifacts\runs\20260928T054602477182Z-e456fc7a\data_manifest.json
ridge,1,validation,5,recursive,0.002431400000205,0.0104074999999284,True,,17.908007476463172,365.4461814710156,19.116646710943204,2.975600753256491,3.0267715900906813,3.110922424624332,17.908007476463172,equity:SPY,equity,20260928T054602477182Z-e456fc7a,artifacts\runs\20260928T054602477182Z-e456fc7a,2.3482788000001165,artifacts\runs\20260928T054602477182Z-e456fc7a\fold_predictions.parquet,artifacts\runs\20260928T054602477182Z-e456fc7a\config.json,artifacts\runs\20260928T054602477182Z-e456fc7a\data_manifest.json
ridge,1,validation,20,recursive,0.002431400000205,0.0104074999999284,True,,36.617055949359,1499.147166507326,38.71882186362759,5.965483714836093,6.170776552827021,6.3609991578517295,36.617055949359,equity:SPY,equity,20260928T054602477182Z-e456fc7a,artifacts\runs\20260928T054602477182Z-e456fc7a,2.3482788000001165,artifacts\runs\20260928T054602477182Z-e456fc7a\fold_predictions.parquet,artifacts\runs\20260928T054602477182Z-e456fc7a\config.json,artifacts\runs\20260928T054602477182Z-e456fc7a\data_manifest.json
lasso,1,validation,1,recursive,0.0023420999996233,0.0108396000005086,True,,7.814673358599748,61.06911970160867,7.814673358599748,1.3198171644924253,1.328584608345298,1.3575403419020509,7.814673358599748,equity:SPY,equity,20260928T054602477182Z-e456fc7a,artifacts\runs\20260928T054602477182Z-e456fc7a,2.3482788000001165,artifacts\runs\20260928T054602477182Z-e456fc7a\fold_predictions.parquet,artifacts\runs\20260928T054602477182Z-e456fc7a\config.json,artifacts\runs\20260928T054602477182Z-e456fc7a\data_manifest.json
lasso,1,validation,5,recursive,0.0023420999996233,0.0108396000005086,True,,17.940868043980437,366.5758956798422,19.146171828327518,2.9810889280052377,3.0324193765585683,3.1166308584916784,17.940868043980437,equity:SPY,equity,20260928T054602477182Z-e456fc7a,artifacts\runs\20260928T054602477182Z-e456fc7a,2.3482788000001165,artifacts\runs\20260928T054602477182Z-e456fc7a\fold_predictions.parquet,artifacts\runs\20260928T054602477182Z-e456fc7a\config.json,artifacts\runs\20260928T054602477182Z-e456fc7a\data_manifest.json
lasso,1,validation,20,recursive,0.0023420999996233,0.0108396000005086,True,,36.87364220222274,1521.7067835184555,39.00906027474201,6.0071841102811625,6.215620923933237,6.405572510243571,36.87364220222274,equity:SPY,equity,20260928T054602477182Z-e456fc7a,artifacts\runs\20260928T054602477182Z-e456fc7a,2.3482788000001165,artifacts\runs\20260928T054602477182Z-e456fc7a\fold_predictions.parquet,artifacts\runs\20260928T054602477182Z-e456fc7a\config.json,artifacts\runs\20260928T054602477182Z-e456fc7a\data_manifest.json
random_forest,1,validation,1,recursive,0.0171602000000348,0.045604099999764,True,,3.5813889848893723,12.826347061086928,3.5813889848893723,0.6048594020605427,0.6066942255931721,0.6221475682896771,3.5813889848893723,equity:SPY,equity,20260928T054602477182Z-e456fc7a,artifacts\runs\20260928T054602477182Z-e456fc7a,2.3482788000001165,artifacts\runs\20260928T054602477182Z-e456fc7a\fold_predictions.parquet,artifacts\runs\20260928T054602477182Z-e456fc7a\config.json,artifacts\runs\20260928T054602477182Z-e456fc7a\data_manifest.json
random_forest,1,validation,5,recursive,0.0171602000000348,0.045604099999764,True,,11.72491113570702,164.13007303443163,12.81132596706647,1.9471297091371715,1.9699543928093772,2.0368144823894374,11.72491113570702,equity:SPY,equity,20260928T054602477182Z-e456fc7a,artifacts\runs\20260928T054602477182Z-e456fc7a,2.3482788000001165,artifacts\runs\20260928T054602477182Z-e456fc7a\fold_predictions.parquet,artifacts\runs\20260928T054602477182Z-e456fc7a\config.json,artifacts\runs\20260928T054602477182Z-e456fc7a\data_manifest.json
random_forest,1,validation,20,recursive,0.0171602000000348,0.045604099999764,True,,23.632097198535444,620.9340919770754,24.91854915473763,3.850287790779368,3.9342496243468097,4.105293188672795,23.632097198535444,equity:SPY,equity,20260928T054602477182Z-e456fc7a,artifacts\runs\20260928T054602477182Z-e456fc7a,2.3482788000001165,artifacts\runs\20260928T054602477182Z-e456fc7a\fold_predictions.parquet,artifacts\runs\20260928T054602477182Z-e456fc7a\config.json,artifacts\runs\20260928T054602477182Z-e456fc7a\data_manifest.json
xgboost,1,validation,1,recursive,0.0097153999995498,0.0118670000001657,True,,15.313232421875,234.49508720636368,15.313232421875,2.5862459077718807,2.6201273762958115,2.660166308133788,15.313232421875,equity:SPY,equity,20260928T054602477182Z-e456fc7a,artifacts\runs\20260928T054602477182Z-e456fc7a,2.3482788000001165,artifacts\runs\20260928T054602477182Z-e456fc7a\fold_predictions.parquet,artifacts\runs\20260928T054602477182Z-e456fc7a\config.json,artifacts\runs\20260928T054602477182Z-e456fc7a\data_manifest.json
xgboost,1,validation,5,recursive,0.0097153999995498,0.0118670000001657,True,,29.7177978515625,969.006225205958,31.128864823599944,4.940533790216111,5.077884150421862,5.16248186004987,29.7177978515625,equity:SPY,equity,20260928T054602477182Z-e456fc7a,artifacts\runs\20260928T054602477182Z-e456fc7a,2.3482788000001165,artifacts\runs\20260928T054602477182Z-e456fc7a\fold_predictions.parquet,artifacts\runs\20260928T054602477182Z-e456fc7a\config.json,artifacts\runs\20260928T054602477182Z-e456fc7a\data_manifest.json
xgboost,1,validation,20,recursive,0.0097153999995498,0.0118670000001657,True,,51.04529418945312,2785.021869893,52.77330641425643,8.324888420653172,8.711739412985478,8.867427075526237,51.04529418945312,equity:SPY,equity,20260928T054602477182Z-e456fc7a,artifacts\runs\20260928T054602477182Z-e456fc7a,2.3482788000001165,artifacts\runs\20260928T054602477182Z-e456fc7a\fold_predictions.parquet,artifacts\runs\20260928T054602477182Z-e456fc7a\config.json,artifacts\runs\20260928T054602477182Z-e456fc7a\data_manifest.json
rnn,1,validation,1,recursive,0.0155346999999892,0.0050671999997575,True,,27.968883664562327,782.2584534418214,27.968883664562327,4.723653956893659,4.837917190288818,4.858666018436372,27.968883664562327,equity:SPY,equity,20260928T054602477182Z-e456fc7a,artifacts\runs\20260928T054602477182Z-e456fc7a,2.3482788000001165,artifacts\runs\20260928T054602477182Z-e456fc7a\fold_predictions.parquet,artifacts\runs\20260928T054602477182Z-e456fc7a\config.json,artifacts\runs\20260928T054602477182Z-e456fc7a\data_manifest.json
rnn,1,validation,5,recursive,0.0155346999999892,0.0050671999997575,True,,32.35097382831496,1061.4855574519338,32.580447471634486,5.38706850331393,5.538142997647529,5.619908863295634,32.35097382831496,equity:SPY,equity,20260928T054602477182Z-e456fc7a,artifacts\runs\20260928T054602477182Z-e456fc7a,2.3482788000001165,artifacts\runs\20260928T054602477182Z-e456fc7a\fold_predictions.parquet,artifacts\runs\20260928T054602477182Z-e456fc7a\config.json,artifacts\runs\20260928T054602477182Z-e456fc7a\data_manifest.json
rnn,1,validation,20,recursive,0.0155346999999892,0.0050671999997575,True,,43.13003541480182,1911.0267744639016,43.71529222667854,7.042051454804446,7.305659314246007,7.492413353249724,43.13003541480182,equity:SPY,equity,20260928T054602477182Z-e456fc7a,artifacts\runs\20260928T054602477182Z-e456fc7a,2.3482788000001165,artifacts\runs\20260928T054602477182Z-e456fc7a\fold_predictions.parquet,artifacts\runs\20260928T054602477182Z-e456fc7a\config.json,artifacts\runs\20260928T054602477182Z-e456fc7a\data_manifest.json
lstm,1,validation,1,recursive,0.0138827999999193,0.011358900000232,True,,18.786046482090114,352.9155424272504,18.786046482090114,3.172768132749921,3.223911755147571,3.2634525838779385,18.786046482090114,equity:SPY,equity,20260928T054602477182Z-e456fc7a,artifacts\runs\20260928T054602477182Z-e456fc7a,2.3482788000001165,artifacts\runs\20260928T054602477182Z-e456fc7a\fold_predictions.parquet,artifacts\runs\20260928T054602477182Z-e456fc7a\config.json,artifacts\runs\20260928T054602477182Z-e456fc7a\data_manifest.json
lstm,1,validation,5,recursive,0.0138827999999193,0.011358900000232,True,,27.98855100949868,816.5011186550003,28.57448369883523,4.657041951155525,4.772633780013909,4.862082567400612,27.98855100949868,equity:SPY,equity,20260928T054602477182Z-e456fc7a,artifacts\runs\20260928T054602477182Z-e456fc7a,2.3482788000001165,artifacts\runs\20260928T054602477182Z-e456fc7a\fold_predictions.parquet,artifacts\runs\20260928T054602477182Z-e456fc7a\config.json,artifacts\runs\20260928T054602477182Z-e456fc7a\data_manifest.json
lstm,1,validation,20,recursive,0.0138827999999193,0.011358900000232,True,,40.86143498851909,1742.8033958743297,41.74689684125431,6.667859282299532,6.907616803014335,7.0983192616590784,40.86143498851909,equity:SPY,equity,20260928T054602477182Z-e456fc7a,artifacts\runs\20260928T054602477182Z-e456fc7a,2.3482788000001165,artifacts\runs\20260928T054602477182Z-e456fc7a\fold_predictions.parquet,artifacts\runs\20260928T054602477182Z-e456fc7a\config.json,artifacts\runs\20260928T054602477182Z-e456fc7a\data_manifest.json
gru,1,validation,1,recursive,0.0311994000003323,0.011315700000523,True,,19.968693351856928,398.7487141804951,19.968693351856928,3.3725049056930656,3.43034925413207,3.468898257965628,19.968693351856928,equity:SPY,equity,20260928T054602477182Z-e456fc7a,artifacts\runs\20260928T054602477182Z-e456fc7a,2.3482788000001165,artifacts\runs\20260928T054602477182Z-e456fc7a\fold_predictions.parquet,artifacts\runs\20260928T054602477182Z-e456fc7a\config.json,artifacts\runs\20260928T054602477182Z-e456fc7a\data_manifest.json
gru,1,validation,5,recursive,0.0311994000003323,0.011315700000523,True,,31.695539041959456,1059.0170649245524,32.54254238569188,5.272691544563923,5.423101847383411,5.506048805026612,31.695539041959456,equity:SPY,equity,20260928T054602477182Z-e456fc7a,artifacts\runs\20260928T054602477182Z-e456fc7a,2.3482788000001165,artifacts\runs\20260928T054602477182Z-e456fc7a\fold_predictions.parquet,artifacts\runs\20260928T054602477182Z-e456fc7a\config.json,artifacts\runs\20260928T054602477182Z-e456fc7a\data_manifest.json
gru,1,validation,20,recursive,0.0311994000003323,0.011315700000523,True,,47.58133038637567,2373.6507413100016,48.72012665531568,7.763420688935482,8.091956173171212,8.265678238463046,47.58133038637567,equity:SPY,equity,20260928T054602477182Z-e456fc7a,artifacts\runs\20260928T054602477182Z-e456fc7a,2.3482788000001165,artifacts\runs\20260928T054602477182Z-e456fc7a\fold_predictions.parquet,artifacts\runs\20260928T054602477182Z-e456fc7a\config.json,artifacts\runs\20260928T054602477182Z-e456fc7a\data_manifest.json
last_value,2,validation,1,recursive,1.4799999917158855e-05,8.700000762473792e-06,True,,0.0887451171875,0.0078756958246231,0.0887451171875,0.0143038604289505,0.014304883504236,0.0169052373251022,0.0887451171875,equity:SPY,equity,20260928T054602477182Z-e456fc7a,artifacts\runs\20260928T054602477182Z-e456fc7a,2.3482788000001165,artifacts\runs\20260928T054602477182Z-e456fc7a\fold_predictions.parquet,artifacts\runs\20260928T054602477182Z-e456fc7a\config.json,artifacts\runs\20260928T054602477182Z-e456fc7a\data_manifest.json
last_value,2,validation,5,recursive,1.4799999917158855e-05,8.700000762473792e-06,True,,5.46173095703125,38.47895499244332,6.203140736146756,0.8705601929370721,0.8754726441127988,1.0404162049771506,5.46173095703125,equity:SPY,equity,20260928T054602477182Z-e456fc7a,artifacts\runs\20260928T054602477182Z-e456fc7a,2.3482788000001165,artifacts\runs\20260928T054602477182Z-e456fc7a\fold_predictions.parquet,artifacts\runs\20260928T054602477182Z-e456fc7a\config.json,artifacts\runs\20260928T054602477182Z-e456fc7a\data_manifest.json
last_value,2,validation,20,recursive,1.4799999917158855e-05,8.700000762473792e-06,True,,7.492642211914062,79.37739096898585,8.909399024007502,1.188884733705111,1.1982565551837805,1.427288608080486,6.718167114257812,equity:SPY,equity,20260928T054602477182Z-e456fc7a,artifacts\runs\20260928T054602477182Z-e456fc7a,2.3482788000001165,artifacts\runs\20260928T054602477182Z-e456fc7a\fold_predictions.parquet,artifacts\runs\20260928T054602477182Z-e456fc7a\config.json,artifacts\runs\20260928T054602477182Z-e456fc7a\data_manifest.json
drift,2,validation,1,recursive,2.0700000277429357e-05,2.530000074330019e-05,True,,0.1420641987264161,0.0201822365597786,0.1420641987264161,0.0228977833928599,0.0228951621505416,0.0270620972847037,-0.1420641987264161,equity:SPY,equity,20260928T054602477182Z-e456fc7a,artifacts\runs\20260928T054602477182Z-e456fc7a,2.3482788000001165,artifacts\runs\20260928T054602477182Z-e456fc7a\fold_predictions.parquet,artifacts\runs\20260928T054602477182Z-e456fc7a\config.json,artifacts\runs\20260928T054602477182Z-e456fc7a\data_manifest.json
drift,2,validation,5,recursive,2.0700000277429357e-05,2.530000074330019e-05,True,,4.826128688780204,29.76606360620345,5.455828406961078,0.7692923725702507,0.7730890042633254,0.91933904006164,4.769303009289638,equity:SPY,equity,20260928T054602477182Z-e456fc7a,artifacts\runs\20260928T054602477182Z-e456fc7a,2.3482788000001165,artifacts\runs\20260928T054602477182Z-e456fc7a\fold_predictions.parquet,artifacts\runs\20260928T054602477182Z-e456fc7a\config.json,artifacts\runs\20260928T054602477182Z-e456fc7a\data_manifest.json
drift,2,validation,20,recursive,2.0700000277429357e-05,2.530000074330019e-05,True,,5.544969446518843,45.24181600056074,6.726203684141653,0.8806628756391991,0.8851563866534127,1.0562724736256863,4.294669297162221,equity:SPY,equity,20260928T054602477182Z-e456fc7a,artifacts\runs\20260928T054602477182Z-e456fc7a,2.3482788000001165,artifacts\runs\20260928T054602477182Z-e456fc7a\fold_predictions.parquet,artifacts\runs\20260928T054602477182Z-e456fc7a\config.json,artifacts\runs\20260928T054602477182Z-e456fc7a\data_manifest.json
seasonal_naive,2,validation,1,recursive,1.0200000360782724e-05,1.630000042496249e-05,True,,6.62982177734375,43.95453679934144,6.62982177734375,1.068588879899515,1.0743289597984884,1.262928193923373,6.62982177734375,equity:SPY,equity,20260928T054602477182Z-e456fc7a,artifacts\runs\20260928T054602477182Z-e456fc7a,2.3482788000001165,artifacts\runs\20260928T054602477182Z-e456fc7a\fold_predictions.parquet,artifacts\runs\20260928T054602477182Z-e456fc7a\config.json,artifacts\runs\20260928T054602477182Z-e456fc7a\data_manifest.json
seasonal_naive,2,validation,5,recursive,1.0200000360782724e-05,1.630000042496249e-05,True,,8.04661865234375,66.78062240555883,8.17194116508182,1.2852764291367942,1.2938473626049334,1.532816703538321,8.04661865234375,equity:SPY,equity,20260928T054602477182Z-e456fc7a,artifacts\runs\20260928T054602477182Z-e456fc7a,2.3482788000001165,artifacts\runs\20260928T054602477182Z-e456fc7a\fold_predictions.parquet,artifacts\runs\20260928T054602477182Z-e456fc7a\config.json,artifacts\runs\20260928T054602477182Z-e456fc7a\data_manifest.json
seasonal_naive,2,validation,20,recursive,1.0200000360782724e-05,1.630000042496249e-05,True,,9.881192016601563,123.75727447737007,11.124624689281436,1.5696871275708064,1.5849363527300648,1.882288303734236,9.303054809570312,equity:SPY,equity,20260928T054602477182Z-e456fc7a,artifacts\runs\20260928T054602477182Z-e456fc7a,2.3482788000001165,artifacts\runs\20260928T054602477182Z-e456fc7a\fold_predictions.parquet,artifacts\runs\20260928T054602477182Z-e456fc7a\config.json,artifacts\runs\20260928T054602477182Z-e456fc7a\data_manifest.json
exponential_smoothing,2,validation,1,recursive,0.0165011000008235,0.0012943000001541,True,,0.0229728963308843,0.0005277539658295,0.0229728963308843,0.0037027513533105,0.0037026828027417,0.0043761536051391,-0.0229728963308843,equity:SPY,equity,20260928T054602477182Z-e456fc7a,artifacts\runs\20260928T054602477182Z-e456fc7a,2.3482788000001165,artifacts\runs\20260928T054602477182Z-e456fc7a\fold_predictions.parquet,artifacts\runs\20260928T054602477182Z-e456fc7a\config.json,artifacts\runs\20260928T054602477182Z-e456fc7a\data_manifest.json
exponential_smoothing,2,validation,5,recursive,0.0165011000008235,0.0012943000001541,True,,4.893972820272188,30.869024983192777,5.555990009277624,0.7800697702679118,0.7840085845634913,0.9322628062398312,4.884783661739834,equity:SPY,equity,20260928T054602477182Z-e456fc7a,artifacts\runs\20260928T054602477182Z-e456fc7a,2.3482788000001165,artifacts\runs\20260928T054602477182Z-e456fc7a\fold_predictions.parquet,artifacts\runs\20260928T054602477182Z-e456fc7a\config.json,artifacts\runs\20260928T054602477182Z-e456fc7a\data_manifest.json
exponential_smoothing,2,validation,20,recursive,0.0165011000008235,0.0012943000001541,True,,5.614432355906376,46.0835339803358,6.788485396635674,0.8916739794694348,0.8963071923635786,1.069504604087662,4.396610012317649,equity:SPY,equity,20260928T054602477182Z-e456fc7a,artifacts\runs\20260928T054602477182Z-e456fc7a,2.3482788000001165,artifacts\runs\20260928T054602477182Z-e456fc7a\fold_predictions.parquet,artifacts\runs\20260928T054602477182Z-e456fc7a\config.json,artifacts\runs\20260928T054602477182Z-e456fc7a\data_manifest.json
holt_winters,2,validation,1,recursive,0.0774561999996876,0.0017654000002949,True,,3.317247910009769,11.00413369646418,3.317247910009769,0.5346711190065453,0.5332455639945141,0.6319092808952144,-3.317247910009769,equity:SPY,equity,20260928T054602477182Z-e456fc7a,artifacts\runs\20260928T054602477182Z-e456fc7a,2.3482788000001165,artifacts\runs\20260928T054602477182Z-e456fc7a\fold_predictions.parquet,artifacts\runs\20260928T054602477182Z-e456fc7a\config.json,artifacts\runs\20260928T054602477182Z-e456fc7a\data_manifest.json
holt_winters,2,validation,5,recursive,0.0774561999996876,0.0017654000002949,True,,4.858627513144393,25.77802111668392,5.077206034492191,0.7755062283159968,0.7782265563217398,0.925529807013952,3.531728349140485,equity:SPY,equity,20260928T054602477182Z-e456fc7a,artifacts\runs\20260928T054602477182Z-e456fc7a,2.3482788000001165,artifacts\runs\20260928T054602477182Z-e456fc7a\fold_predictions.parquet,artifacts\runs\20260928T054602477182Z-e456fc7a\config.json,artifacts\runs\20260928T054602477182Z-e456fc7a\data_manifest.json
holt_winters,2,validation,20,recursive,0.0774561999996876,0.0017654000002949,True,,4.998373382888343,37.149773315342806,6.09506138733178,0.795043981910316,0.7976174689994188,0.9521502811098166,2.856058358822344,equity:SPY,equity,20260928T054602477182Z-e456fc7a,artifacts\runs\20260928T054602477182Z-e456fc7a,2.3482788000001165,artifacts\runs\20260928T054602477182Z-e456fc7a\fold_predictions.parquet,artifacts\runs\20260928T054602477182Z-e456fc7a\config.json,artifacts\runs\20260928T054602477182Z-e456fc7a\data_manifest.json
arima,2,validation,1,recursive,0.0043850000001839,0.001350900000034,True,1.0,0.2705335411660599,0.0731883968958482,0.2705335411660599,0.0436043597307246,0.0436138685047823,0.0515344828285014,0.2705335411660599,equity:SPY,equity,20260928T054602477182Z-e456fc7a,artifacts\runs\20260928T054602477182Z-e456fc7a,2.3482788000001165,artifacts\runs\20260928T054602477182Z-e456fc7a\fold_predictions.parquet,artifacts\runs\20260928T054602477182Z-e456fc7a\config.json,artifacts\runs\20260928T054602477182Z-e456fc7a\data_manifest.json
arima,2,validation,5,recursive,0.0043850000001839,0.001350900000034,True,1.0,5.623367400259236,40.21851543172439,6.341806953205403,0.8963962262806913,0.9015315613427652,1.0712066588043885,5.623367400259236,equity:SPY,equity,20260928T054602477182Z-e456fc7a,artifacts\runs\20260928T054602477182Z-e456fc7a,2.3482788000001165,artifacts\runs\20260928T054602477182Z-e456fc7a\fold_predictions.parquet,artifacts\runs\20260928T054602477182Z-e456fc7a\config.json,artifacts\runs\20260928T054602477182Z-e456fc7a\data_manifest.json
arima,2,validation,20,recursive,0.0043850000001839,0.001350900000034,True,1.0,7.619629452164918,81.51606528732141,9.02862477276143,1.2090538662662564,1.2187285781491408,1.451478664973023,6.876637345944414,equity:SPY,equity,20260928T054602477182Z-e456fc7a,artifacts\runs\20260928T054602477182Z-e456fc7a,2.3482788000001165,artifacts\runs\20260928T054602477182Z-e456fc7a\fold_predictions.parquet,artifacts\runs\20260928T054602477182Z-e456fc7a\config.json,artifacts\runs\20260928T054602477182Z-e456fc7a\data_manifest.json
sarima,2,validation,1,recursive,0.0161597000005713,0.0011469999999462,True,1.0,0.4071408362256079,0.1657636605224872,0.4071408362256079,0.0656226041596527,0.0656441428576634,0.0775570834685197,0.4071408362256079,equity:SPY,equity,20260928T054602477182Z-e456fc7a,artifacts\runs\20260928T054602477182Z-e456fc7a,2.3482788000001165,artifacts\runs\20260928T054602477182Z-e456fc7a\fold_predictions.parquet,artifacts\runs\20260928T054602477182Z-e456fc7a\config.json,artifacts\runs\20260928T054602477182Z-e456fc7a\data_manifest.json
sarima,2,validation,5,recursive,0.0161597000005713,0.0011469999999462,True,1.0,5.538488796727052,38.56965175284344,6.210446984947495,0.8829254628524991,0.8878498042517686,1.055037961505773,5.538488796727052,equity:SPY,equity,20260928T054602477182Z-e456fc7a,artifacts\runs\20260928T054602477182Z-e456fc7a,2.3482788000001165,artifacts\runs\20260928T054602477182Z-e456fc7a\fold_predictions.parquet,artifacts\runs\20260928T054602477182Z-e456fc7a\config.json,artifacts\runs\20260928T054602477182Z-e456fc7a\data_manifest.json
sarima,2,validation,20,recursive,0.0161597000005713,0.0011469999999462,True,1.0,7.471154507870938,78.59900352792198,8.865607905153599,1.1855361923992371,1.1947944944209383,1.4231953717658263,6.681764689917964,equity:SPY,equity,20260928T054602477182Z-e456fc7a,artifacts\runs\20260928T054602477182Z-e456fc7a,2.3482788000001165,artifacts\runs\20260928T054602477182Z-e456fc7a\fold_predictions.parquet,artifacts\runs\20260928T054602477182Z-e456fc7a\config.json,artifacts\runs\20260928T054602477182Z-e456fc7a\data_manifest.json
ridge,2,validation,1,recursive,0.0024547000002712,0.0111840999998094,True,,1.939871140183868,3.763100040518261,1.939871140183868,0.3126667350127465,0.3131563028064823,0.3695299870486188,1.939871140183868,equity:SPY,equity,20260928T054602477182Z-e456fc7a,artifacts\runs\20260928T054602477182Z-e456fc7a,2.3482788000001165,artifacts\runs\20260928T054602477182Z-e456fc7a\fold_predictions.parquet,artifacts\runs\20260928T054602477182Z-e456fc7a\config.json,artifacts\runs\20260928T054602477182Z-e456fc7a\data_manifest.json
ridge,2,validation,5,recursive,0.0024547000002712,0.0111840999998094,True,,9.140856812542188,100.07522392403936,10.00376048913804,1.4576474548323592,1.470471137559777,1.7412603495053962,9.140856812542188,equity:SPY,equity,20260928T054602477182Z-e456fc7a,artifacts\runs\20260928T054602477182Z-e456fc7a,2.3482788000001165,artifacts\runs\20260928T054602477182Z-e456fc7a\fold_predictions.parquet,artifacts\runs\20260928T054602477182Z-e456fc7a\config.json,artifacts\runs\20260928T054602477182Z-e456fc7a\data_manifest.json
ridge,2,validation,20,recursive,0.0024547000002712,0.0111840999998094,True,,16.004883538194868,337.2624919706639,18.36470778342699,2.54024605381834,2.5832916744952703,3.0488027189389624,16.004883538194868,equity:SPY,equity,20260928T054602477182Z-e456fc7a,artifacts\runs\20260928T054602477182Z-e456fc7a,2.3482788000001165,artifacts\runs\20260928T054602477182Z-e456fc7a\fold_predictions.parquet,artifacts\runs\20260928T054602477182Z-e456fc7a\config.json,artifacts\runs\20260928T054602477182Z-e456fc7a\data_manifest.json
lasso,2,validation,1,recursive,0.0024730000004637,0.0103798000000097,True,,1.93255942677672,3.734785938023565,1.93255942677672,0.3114882394358984,0.3119741207840614,0.3681371639354349,1.93255942677672,equity:SPY,equity,20260928T054602477182Z-e456fc7a,artifacts\runs\20260928T054602477182Z-e456fc7a,2.3482788000001165,artifacts\runs\20260928T054602477182Z-e456fc7a\fold_predictions.parquet,artifacts\runs\20260928T054602477182Z-e456fc7a\config.json,artifacts\runs\20260928T054602477182Z-e456fc7a\data_manifest.json
lasso,2,validation,5,recursive,0.0024730000004637,0.0103798000000097,True,,9.149086053082376,100.3509150170311,10.017530385131412,1.45895151211675,1.4718106085283331,1.7428279542226597,9.149086053082376,equity:SPY,equity,20260928T054602477182Z-e456fc7a,artifacts\runs\20260928T054602477182Z-e456fc7a,2.3482788000001165,artifacts\runs\20260928T054602477182Z-e456fc7a\fold_predictions.parquet,artifacts\runs\20260928T054602477182Z-e456fc7a\config.json,artifacts\runs\20260928T054602477182Z-e456fc7a\data_manifest.json
lasso,2,validation,20,recursive,0.0024730000004637,0.0103798000000097,True,,16.217664933683373,346.8568949550106,18.62409447342369,2.5740193587475515,2.6183025912145976,3.0893358784309903,16.217664933683373,equity:SPY,equity,20260928T054602477182Z-e456fc7a,artifacts\runs\20260928T054602477182Z-e456fc7a,2.3482788000001165,artifacts\runs\20260928T054602477182Z-e456fc7a\fold_predictions.parquet,artifacts\runs\20260928T054602477182Z-e456fc7a\config.json,artifacts\runs\20260928T054602477182Z-e456fc7a\data_manifest.json
random_forest,2,validation,1,recursive,0.0181290000000444,0.0408657999996648,True,,2.5455663130017,6.4799078538890695,2.5455663130017,0.4102921536165732,0.4111355821336834,0.4849100887112322,2.5455663130017,equity:SPY,equity,20260928T054602477182Z-e456fc7a,artifacts\runs\20260928T054602477182Z-e456fc7a,2.3482788000001165,artifacts\runs\20260928T054602477182Z-e456fc7a\fold_predictions.parquet,artifacts\runs\20260928T054602477182Z-e456fc7a\config.json,artifacts\runs\20260928T054602477182Z-e456fc7a\data_manifest.json
random_forest,2,validation,5,recursive,0.0181290000000444,0.0408657999996648,True,,8.06591892181873,74.10882702143113,8.60864838528274,1.2866555095932364,1.296142635995401,1.536493251006545,8.06591892181873,equity:SPY,equity,20260928T054602477182Z-e456fc7a,artifacts\runs\20260928T054602477182Z-e456fc7a,2.3482788000001165,artifacts\runs\20260928T054602477182Z-e456fc7a\fold_predictions.parquet,artifacts\runs\20260928T054602477182Z-e456fc7a\config.json,artifacts\runs\20260928T054602477182Z-e456fc7a\data_manifest.json
random_forest,2,validation,20,recursive,0.0181290000000444,0.0408657999996648,True,,9.781427816118452,121.7895976743864,11.035832441387754,1.5528186588581716,1.5679913420549734,1.8632840188883129,9.349986348227782,equity:SPY,equity,20260928T054602477182Z-e456fc7a,artifacts\runs\20260928T054602477182Z-e456fc7a,2.3482788000001165,artifacts\runs\20260928T054602477182Z-e456fc7a\fold_predictions.parquet,artifacts\runs\20260928T054602477182Z-e456fc7a\config.json,artifacts\runs\20260928T054602477182Z-e456fc7a\data_manifest.json
xgboost,2,validation,1,recursive,0.0110816999995222,0.0134450999994442,True,,22.27276611328125,496.0761103369296,22.27276611328125,3.58990497672032,3.655519820704555,4.242784380305603,22.27276611328125,equity:SPY,equity,20260928T054602477182Z-e456fc7a,artifacts\runs\20260928T054602477182Z-e456fc7a,2.3482788000001165,artifacts\runs\20260928T054602477182Z-e456fc7a\fold_predictions.parquet,artifacts\runs\20260928T054602477182Z-e456fc7a\config.json,artifacts\runs\20260928T054602477182Z-e456fc7a\data_manifest.json
xgboost,2,validation,5,recursive,0.0110816999995222,0.0134450999994442,True,,41.13702392578125,1816.734560122341,42.6231692876344,6.565458644357096,6.805298113511082,7.836275102825555,41.13702392578125,equity:SPY,equity,20260928T054602477182Z-e456fc7a,artifacts\runs\20260928T054602477182Z-e456fc7a,2.3482788000001165,artifacts\runs\20260928T054602477182Z-e456fc7a\fold_predictions.parquet,artifacts\runs\20260928T054602477182Z-e456fc7a\config.json,artifacts\runs\20260928T054602477182Z-e456fc7a\data_manifest.json
xgboost,2,validation,20,recursive,0.0110816999995222,0.0134450999994442,True,,48.44505004882812,2427.400543669984,49.2686568080558,7.71561139832546,8.035778067642907,9.228395817784236,48.44505004882812,equity:SPY,equity,20260928T054602477182Z-e456fc7a,artifacts\runs\20260928T054602477182Z-e456fc7a,2.3482788000001165,artifacts\runs\20260928T054602477182Z-e456fc7a\fold_predictions.parquet,artifacts\runs\20260928T054602477182Z-e456fc7a\config.json,artifacts\runs\20260928T054602477182Z-e456fc7a\data_manifest.json
rnn,2,validation,1,recursive,0.0177933999993911,0.0054239000000961,True,,54.15022052428981,2932.246382829217,54.15022052428981,8.727885219193029,9.126144947155488,10.315185310259336,54.15022052428981,equity:SPY,equity,20260928T054602477182Z-e456fc7a,artifacts\runs\20260928T054602477182Z-e456fc7a,2.3482788000001165,artifacts\runs\20260928T054602477182Z-e456fc7a\fold_predictions.parquet,artifacts\runs\20260928T054602477182Z-e456fc7a\config.json,artifacts\runs\20260928T054602477182Z-e456fc7a\data_manifest.json
rnn,2,validation,5,recursive,0.0177933999993911,0.0054239000000961,True,,53.65537468173561,2883.056273077792,53.69409905266865,8.57372500907724,8.958309882158016,10.220921122292305,53.65537468173561,equity:SPY,equity,20260928T054602477182Z-e456fc7a,artifacts\runs\20260928T054602477182Z-e456fc7a,2.3482788000001165,artifacts\runs\20260928T054602477182Z-e456fc7a\fold_predictions.parquet,artifacts\runs\20260928T054602477182Z-e456fc7a\config.json,artifacts\runs\20260928T054602477182Z-e456fc7a\data_manifest.json
rnn,2,validation,20,recursive,0.0177933999993911,0.0054239000000961,True,,54.334558172896266,2984.990335853387,54.63506507595088,8.65757042954967,9.053287959860864,10.35030016273127,54.334558172896266,equity:SPY,equity,20260928T054602477182Z-e456fc7a,artifacts\runs\20260928T054602477182Z-e456fc7a,2.3482788000001165,artifacts\runs\20260928T054602477182Z-e456fc7a\fold_predictions.parquet,artifacts\runs\20260928T054602477182Z-e456fc7a\config.json,artifacts\runs\20260928T054602477182Z-e456fc7a\data_manifest.json
lstm,2,validation,1,recursive,0.0169706000006044,0.005267300000014,True,,35.94523396368004,1292.059844703697,35.94523396368004,5.793621395711811,5.966458400953761,6.8472805053428765,35.94523396368004,equity:SPY,equity,20260928T054602477182Z-e456fc7a,artifacts\runs\20260928T054602477182Z-e456fc7a,2.3482788000001165,artifacts\runs\20260928T054602477182Z-e456fc7a\fold_predictions.parquet,artifacts\runs\20260928T054602477182Z-e456fc7a\config.json,artifacts\runs\20260928T054602477182Z-e456fc7a\data_manifest.json
lstm,2,validation,5,recursive,0.0169706000006044,0.005267300000014,True,,43.63436247685699,1922.8815606651929,43.85067343456874,6.96945884180473,7.223548363993568,8.311998187374133,43.63436247685699,equity:SPY,equity,20260928T054602477182Z-e456fc7a,artifacts\runs\20260928T054602477182Z-e456fc7a,2.3482788000001165,artifacts\runs\20260928T054602477182Z-e456fc7a\fold_predictions.parquet,artifacts\runs\20260928T054602477182Z-e456fc7a\config.json,artifacts\runs\20260928T054602477182Z-e456fc7a\data_manifest.json
lstm,2,validation,20,recursive,0.0169706000006044,0.005267300000014,True,,48.76577247011743,2430.7381039931006,49.302516203466745,7.7673985327230355,8.087916075459752,9.289490882157434,48.76577247011743,equity:SPY,equity,20260928T054602477182Z-e456fc7a,artifacts\runs\20260928T054602477182Z-e456fc7a,2.3482788000001165,artifacts\runs\20260928T054602477182Z-e456fc7a\fold_predictions.parquet,artifacts\runs\20260928T054602477182Z-e456fc7a\config.json,artifacts\runs\20260928T054602477182Z-e456fc7a\data_manifest.json
gru,2,validation,1,recursive,0.031205599999339,0.0099110999999538,True,,30.862535363932466,952.496089089982,30.862535363932466,4.97439647745961,5.101275307049299,5.8790669426839,30.862535363932466,equity:SPY,equity,20260928T054602477182Z-e456fc7a,artifacts\runs\20260928T054602477182Z-e456fc7a,2.3482788000001165,artifacts\runs\20260928T054602477182Z-e456fc7a\fold_predictions.parquet,artifacts\runs\20260928T054602477182Z-e456fc7a\config.json,artifacts\runs\20260928T054602477182Z-e456fc7a\data_manifest.json
gru,2,validation,5,recursive,0.031205599999339,0.0099110999999538,True,,41.60450063545064,1770.6586140373377,42.079194550719926,6.643684019393994,6.877255284930069,7.925325689171865,41.60450063545064,equity:SPY,equity,20260928T054602477182Z-e456fc7a,artifacts\runs\20260928T054602477182Z-e456fc7a,2.3482788000001165,artifacts\runs\20260928T054602477182Z-e456fc7a\fold_predictions.parquet,artifacts\runs\20260928T054602477182Z-e456fc7a\config.json,artifacts\runs\20260928T054602477182Z-e456fc7a\data_manifest.json
gru,2,validation,20,recursive,0.031205599999339,0.0099110999999538,True,,50.65872467401376,2647.85235696118,51.45728672366218,8.068104708041204,8.417941618274607,9.650083185893218,50.65872467401376,equity:SPY,equity,20260928T054602477182Z-e456fc7a,artifacts\runs\20260928T054602477182Z-e456fc7a,2.3482788000001165,artifacts\runs\20260928T054602477182Z-e456fc7a\fold_predictions.parquet,artifacts\runs\20260928T054602477182Z-e456fc7a\config.json,artifacts\runs\20260928T054602477182Z-e456fc7a\data_manifest.json
last_value,3,validation,1,recursive,1.049999991664663e-05,7.200000254670158e-06,True,,3.443115234375,11.855042517185211,3.443115234375,0.545460452473427,0.5439768631438994,0.7012530635734244,-3.443115234375,equity:SPY,equity,20260928T054602477182Z-e456fc7a,artifacts\runs\20260928T054602477182Z-e456fc7a,2.3482788000001165,artifacts\runs\20260928T054602477182Z-e456fc7a\fold_predictions.parquet,artifacts\runs\20260928T054602477182Z-e456fc7a\config.json,artifacts\runs\20260928T054602477182Z-e456fc7a\data_manifest.json
last_value,3,validation,5,recursive,1.049999991664663e-05,7.200000254670158e-06,True,,3.80225830078125,20.227307196706533,4.49747787061888,0.6037691882092011,0.6014162318911864,0.7743990835102951,-3.00902099609375,equity:SPY,equity,20260928T054602477182Z-e456fc7a,artifacts\runs\20260928T054602477182Z-e456fc7a,2.3482788000001165,artifacts\runs\20260928T054602477182Z-e456fc7a\fold_predictions.parquet,artifacts\runs\20260928T054602477182Z-e456fc7a\config.json,artifacts\runs\20260928T054602477182Z-e456fc7a\data_manifest.json
last_value,3,validation,20,recursive,1.049999991664663e-05,7.200000254670158e-06,True,,6.377346801757812,66.41806428190321,8.149727865512027,0.9913041855935648,0.9979803060081448,1.2988627094308205,4.3755950927734375,equity:SPY,equity,20260928T054602477182Z-e456fc7a,artifacts\runs\20260928T054602477182Z-e456fc7a,2.3482788000001165,artifacts\runs\20260928T054602477182Z-e456fc7a\fold_predictions.parquet,artifacts\runs\20260928T054602477182Z-e456fc7a\config.json,artifacts\runs\20260928T054602477182Z-e456fc7a\data_manifest.json
drift,3,validation,1,recursive,1.0200000360782724e-05,1.1199999789823778e-05,True,,3.743844670357476,14.016372915764077,3.743844670357476,0.593102196375982,0.5913485457693842,0.7625020848620482,-3.743844670357476,equity:SPY,equity,20260928T054602477182Z-e456fc7a,artifacts\runs\20260928T054602477182Z-e456fc7a,2.3482788000001165,artifacts\runs\20260928T054602477182Z-e456fc7a\fold_predictions.parquet,artifacts\runs\20260928T054602477182Z-e456fc7a\config.json,artifacts\runs\20260928T054602477182Z-e456fc7a\data_manifest.json
drift,3,validation,5,recursive,1.0200000360782724e-05,1.1199999789823778e-05,True,,4.223279511156693,25.16567700122821,5.016540341832029,0.6708375887449903,0.6676996373928052,0.8601477133143636,-3.9112093040411535,equity:SPY,equity,20260928T054602477182Z-e456fc7a,artifacts\runs\20260928T054602477182Z-e456fc7a,2.3482788000001165,artifacts\runs\20260928T054602477182Z-e456fc7a\fold_predictions.parquet,artifacts\runs\20260928T054602477182Z-e456fc7a\config.json,artifacts\runs\20260928T054602477182Z-e456fc7a\data_manifest.json
drift,3,validation,20,recursive,1.0200000360782724e-05,1.1199999789823778e-05,True,,4.238823211450381,30.465501916629147,5.519556315196825,0.6607605334153474,0.6623098936084414,0.8633134706905307,1.21793601495757,equity:SPY,equity,20260928T054602477182Z-e456fc7a,artifacts\runs\20260928T054602477182Z-e456fc7a,2.3482788000001165,artifacts\runs\20260928T054602477182Z-e456fc7a\fold_predictions.parquet,artifacts\runs\20260928T054602477182Z-e456fc7a\config.json,artifacts\runs\20260928T054602477182Z-e456fc7a\data_manifest.json
seasonal_naive,3,validation,1,recursive,1.030000021273736e-05,1.6799999684735667e-05,True,,2.84136962890625,8.07338136807084,2.84136962890625,0.4501315401686777,0.4491207231545017,0.578696622501128,-2.84136962890625,equity:SPY,equity,20260928T054602477182Z-e456fc7a,artifacts\runs\20260928T054602477182Z-e456fc7a,2.3482788000001165,artifacts\runs\20260928T054602477182Z-e456fc7a\fold_predictions.parquet,artifacts\runs\20260928T054602477182Z-e456fc7a\config.json,artifacts\runs\20260928T054602477182Z-e456fc7a\data_manifest.json
seasonal_naive,3,validation,5,recursive,1.030000021273736e-05,1.6799999684735667e-05,True,,4.293603515625,28.579305398464204,5.345961597174469,0.6821238841936961,0.6786947079681654,0.8744704763412313,-3.5556640625,equity:SPY,equity,20260928T054602477182Z-e456fc7a,artifacts\runs\20260928T054602477182Z-e456fc7a,2.3482788000001165,artifacts\runs\20260928T054602477182Z-e456fc7a\fold_predictions.parquet,artifacts\runs\20260928T054602477182Z-e456fc7a\config.json,artifacts\runs\20260928T054602477182Z-e456fc7a\data_manifest.json
seasonal_naive,3,validation,20,recursive,1.030000021273736e-05,1.6799999684735667e-05,True,,6.090200805664063,62.220159974135456,7.887975657552161,0.9471633204731408,0.9528078636331896,1.2403802028207458,3.828952026367188,equity:SPY,equity,20260928T054602477182Z-e456fc7a,artifacts\runs\20260928T054602477182Z-e456fc7a,2.3482788000001165,artifacts\runs\20260928T054602477182Z-e456fc7a\fold_predictions.parquet,artifacts\runs\20260928T054602477182Z-e456fc7a\config.json,artifacts\runs\20260928T054602477182Z-e456fc7a\data_manifest.json
exponential_smoothing,3,validation,1,recursive,0.0164711999996143,0.0019968999995398,True,,3.841063487110091,14.753768712010332,3.841063487110091,0.6085036616668871,0.6066578939177467,0.7823024657508773,-3.841063487110091,equity:SPY,equity,20260928T054602477182Z-e456fc7a,artifacts\runs\20260928T054602477182Z-e456fc7a,2.3482788000001165,artifacts\runs\20260928T054602477182Z-e456fc7a\fold_predictions.parquet,artifacts\runs\20260928T054602477182Z-e456fc7a\config.json,artifacts\runs\20260928T054602477182Z-e456fc7a\data_manifest.json
exponential_smoothing,3,validation,5,recursive,0.0164711999996143,0.0019968999995398,True,,4.284215560962934,25.975712847060457,5.096637405884438,0.6805360555666568,0.6772888481128525,0.8725584485642532,-4.014940020180416,equity:SPY,equity,20260928T054602477182Z-e456fc7a,artifacts\runs\20260928T054602477182Z-e456fc7a,2.3482788000001165,artifacts\runs\20260928T054602477182Z-e456fc7a\fold_predictions.parquet,artifacts\runs\20260928T054602477182Z-e456fc7a\config.json,artifacts\runs\20260928T054602477182Z-e456fc7a\data_manifest.json
exponential_smoothing,3,validation,20,recursive,0.0164711999996143,0.0019968999995398,True,,4.211704511932669,30.00465217919016,5.477650242502724,0.6566810941802703,0.6580918916427665,0.8577902541199488,1.0897856761182652,equity:SPY,equity,20260928T054602477182Z-e456fc7a,artifacts\runs\20260928T054602477182Z-e456fc7a,2.3482788000001165,artifacts\runs\20260928T054602477182Z-e456fc7a\fold_predictions.parquet,artifacts\runs\20260928T054602477182Z-e456fc7a\config.json,artifacts\runs\20260928T054602477182Z-e456fc7a\data_manifest.json
holt_winters,3,validation,1,recursive,0.0874190000004091,0.0017340000003969,True,,6.589472558582884,43.421148600316855,6.589472558582884,1.0439083326289813,1.038487901759078,1.3420659793508334,-6.589472558582884,equity:SPY,equity,20260928T054602477182Z-e456fc7a,artifacts\runs\20260928T054602477182Z-e456fc7a,2.3482788000001165,artifacts\runs\20260928T054602477182Z-e456fc7a\fold_predictions.parquet,artifacts\runs\20260928T054602477182Z-e456fc7a\config.json,artifacts\runs\20260928T054602477182Z-e456fc7a\data_manifest.json
holt_winters,3,validation,5,recursive,0.0874190000004091,0.0017340000003969,True,,5.155900177420063,38.570621785847166,6.210525081331462,0.8191240293986771,0.8142776611570488,1.0500928806557617,-5.155900177420063,equity:SPY,equity,20260928T054602477182Z-e456fc7a,artifacts\runs\20260928T054602477182Z-e456fc7a,2.3482788000001165,artifacts\runs\20260928T054602477182Z-e456fc7a\fold_predictions.parquet,artifacts\runs\20260928T054602477182Z-e456fc7a\config.json,artifacts\runs\20260928T054602477182Z-e456fc7a\data_manifest.json
holt_winters,3,validation,20,recursive,0.0874190000004091,0.0017340000003969,True,,4.2500800356524,30.28711003368586,5.503372605383526,0.6642269783015212,0.6644005483182528,0.8656061277526479,-0.1857167932630091,equity:SPY,equity,20260928T054602477182Z-e456fc7a,artifacts\runs\20260928T054602477182Z-e456fc7a,2.3482788000001165,artifacts\runs\20260928T054602477182Z-e456fc7a\fold_predictions.parquet,artifacts\runs\20260928T054602477182Z-e456fc7a\config.json,artifacts\runs\20260928T054602477182Z-e456fc7a\data_manifest.json
arima,3,validation,1,recursive,0.0045912000005046,0.0011610999999902,True,1.0,3.465480390585867,12.009554337535176,3.465480390585867,0.5490035544017692,0.547500655372585,0.7058081345607641,-3.465480390585867,equity:SPY,equity,20260928T054602477182Z-e456fc7a,artifacts\runs\20260928T054602477182Z-e456fc7a,2.3482788000001165,artifacts\runs\20260928T054602477182Z-e456fc7a\fold_predictions.parquet,artifacts\runs\20260928T054602477182Z-e456fc7a\config.json,artifacts\runs\20260928T054602477182Z-e456fc7a\data_manifest.json
arima,3,validation,5,recursive,0.0045912000005046,0.0011610999999902,True,1.0,3.814350239431769,20.34707017176283,4.510772680125084,0.6056931580881675,0.6033213854599757,0.77686182682442,-3.028807969695117,equity:SPY,equity,20260928T054602477182Z-e456fc7a,artifacts\runs\20260928T054602477182Z-e456fc7a,2.3482788000001165,artifacts\runs\20260928T054602477182Z-e456fc7a\fold_predictions.parquet,artifacts\runs\20260928T054602477182Z-e456fc7a\config.json,artifacts\runs\20260928T054602477182Z-e456fc7a\data_manifest.json
arima,3,validation,20,recursive,0.0045912000005046,0.0011610999999902,True,1.0,6.367856797967204,66.25085284004135,8.139462687428535,0.989839106392539,0.9964851741604854,1.2969298974920715,4.356210283515293,equity:SPY,equity,20260928T054602477182Z-e456fc7a,artifacts\runs\20260928T054602477182Z-e456fc7a,2.3482788000001165,artifacts\runs\20260928T054602477182Z-e456fc7a\fold_predictions.parquet,artifacts\runs\20260928T054602477182Z-e456fc7a\config.json,artifacts\runs\20260928T054602477182Z-e456fc7a\data_manifest.json
sarima,3,validation,1,recursive,0.0146377000000939,0.0010941000000457,True,1.0,3.755072087338135,14.10056638110598,3.755072087338135,0.5948808507425968,0.5931166819608242,0.764788752608483,-3.755072087338135,equity:SPY,equity,20260928T054602477182Z-e456fc7a,artifacts\runs\20260928T054602477182Z-e456fc7a,2.3482788000001165,artifacts\runs\20260928T054602477182Z-e456fc7a\fold_predictions.parquet,artifacts\runs\20260928T054602477182Z-e456fc7a\config.json,artifacts\runs\20260928T054602477182Z-e456fc7a\data_manifest.json
sarima,3,validation,5,recursive,0.0146377000000939,0.0010941000000457,True,1.0,4.0267556271855485,22.71429516772956,4.765951653943791,0.6395040422019267,0.6367769190523243,0.8201220486708364,-3.370792513098195,equity:SPY,equity,20260928T054602477182Z-e456fc7a,artifacts\runs\20260928T054602477182Z-e456fc7a,2.3482788000001165,artifacts\runs\20260928T054602477182Z-e456fc7a\fold_predictions.parquet,artifacts\runs\20260928T054602477182Z-e456fc7a\config.json,artifacts\runs\20260928T054602477182Z-e456fc7a\data_manifest.json
sarima,3,validation,20,recursive,0.0146377000000939,0.0010941000000457,True,1.0,6.203984924453215,63.5130791841759,7.969509344004554,0.964547102107358,0.9706743880297076,1.2635544088683046,4.020457973923402,equity:SPY,equity,20260928T054602477182Z-e456fc7a,artifacts\runs\20260928T054602477182Z-e456fc7a,2.3482788000001165,artifacts\runs\20260928T054602477182Z-e456fc7a\fold_predictions.parquet,artifacts\runs\20260928T054602477182Z-e456fc7a\config.json,artifacts\runs\20260928T054602477182Z-e456fc7a\data_manifest.json
ridge,3,validation,1,recursive,0.0020520999996733,0.0095074999999269,True,,2.735304425524191,7.481890300292226,2.735304425524191,0.4333286248172356,0.4323917861269123,0.5570945140187761,-2.735304425524191,equity:SPY,equity,20260928T054602477182Z-e456fc7a,artifacts\runs\20260928T054602477182Z-e456fc7a,2.3482788000001165,artifacts\runs\20260928T054602477182Z-e456fc7a\fold_predictions.parquet,artifacts\runs\20260928T054602477182Z-e456fc7a\config.json,artifacts\runs\20260928T054602477182Z-e456fc7a\data_manifest.json
ridge,3,validation,5,recursive,0.0020520999996733,0.0095074999999269,True,,3.571437623073211,18.46056101516077,4.296575498598945,0.5669863867656803,0.5650344710367318,0.7273882528059205,-2.420926959153008,equity:SPY,equity,20260928T054602477182Z-e456fc7a,artifacts\runs\20260928T054602477182Z-e456fc7a,2.3482788000001165,artifacts\runs\20260928T054602477182Z-e456fc7a\fold_predictions.parquet,artifacts\runs\20260928T054602477182Z-e456fc7a\config.json,artifacts\runs\20260928T054602477182Z-e456fc7a\data_manifest.json
ridge,3,validation,20,recursive,0.0020520999996733,0.0095074999999269,True,,8.105167547282639,105.8693679386296,10.289284131494746,1.2591503022176789,1.2708697351671527,1.650764841258523,6.512505079588431,equity:SPY,equity,20260928T054602477182Z-e456fc7a,artifacts\runs\20260928T054602477182Z-e456fc7a,2.3482788000001165,artifacts\runs\20260928T054602477182Z-e456fc7a\fold_predictions.parquet,artifacts\runs\20260928T054602477182Z-e456fc7a\config.json,artifacts\runs\20260928T054602477182Z-e456fc7a\data_manifest.json
lasso,3,validation,1,recursive,0.0029402000000118,0.0113224999995509,True,,2.781157038380343,7.734834472132519,2.781157038380343,0.4405926242053204,0.4396241484192401,0.5664332328967282,-2.781157038380343,equity:SPY,equity,20260928T054602477182Z-e456fc7a,artifacts\runs\20260928T054602477182Z-e456fc7a,2.3482788000001165,artifacts\runs\20260928T054602477182Z-e456fc7a\fold_predictions.parquet,artifacts\runs\20260928T054602477182Z-e456fc7a\config.json,artifacts\runs\20260928T054602477182Z-e456fc7a\data_manifest.json
lasso,3,validation,5,recursive,0.0029402000000118,0.0113224999995509,True,,3.6199807742719714,19.48049604075799,4.413671492165904,0.5747979956157475,0.5726756189141693,0.7372749487706048,-2.5808854086573776,equity:SPY,equity,20260928T054602477182Z-e456fc7a,artifacts\runs\20260928T054602477182Z-e456fc7a,2.3482788000001165,artifacts\runs\20260928T054602477182Z-e456fc7a\fold_predictions.parquet,artifacts\runs\20260928T054602477182Z-e456fc7a\config.json,artifacts\runs\20260928T054602477182Z-e456fc7a\data_manifest.json
lasso,3,validation,20,recursive,0.0029402000000118,0.0113224999995509,True,,8.103248599597709,106.42542695684747,10.316270011823434,1.2588588897751256,1.2705693843115458,1.650374012648008,6.450546804102231,equity:SPY,equity,20260928T054602477182Z-e456fc7a,artifacts\runs\20260928T054602477182Z-e456fc7a,2.3482788000001165,artifacts\runs\20260928T054602477182Z-e456fc7a\fold_predictions.parquet,artifacts\runs\20260928T054602477182Z-e456fc7a\config.json,artifacts\runs\20260928T054602477182Z-e456fc7a\data_manifest.json
random_forest,3,validation,1,recursive,0.0222961999998005,0.0393896999994467,True,,3.8004985313742736,14.443789086978011,3.8004985313742736,0.6020773362017041,0.6002702905141353,0.7740406744522698,-3.8004985313742736,equity:SPY,equity,20260928T054602477182Z-e456fc7a,artifacts\runs\20260928T054602477182Z-e456fc7a,2.3482788000001165,artifacts\runs\20260928T054602477182Z-e456fc7a\fold_predictions.parquet,artifacts\runs\20260928T054602477182Z-e456fc7a\config.json,artifacts\runs\20260928T054602477182Z-e456fc7a\data_manifest.json
random_forest,3,validation,5,recursive,0.0222961999998005,0.0393896999994467,True,,4.016688278980814,22.50577770632865,4.744025474881923,0.6378950108786996,0.6351918576539648,0.8180716500376022,-3.366404293093024,equity:SPY,equity,20260928T054602477182Z-e456fc7a,artifacts\runs\20260928T054602477182Z-e456fc7a,2.3482788000001165,artifacts\runs\20260928T054602477182Z-e456fc7a\fold_predictions.parquet,artifacts\runs\20260928T054602477182Z-e456fc7a\config.json,artifacts\runs\20260928T054602477182Z-e456fc7a\data_manifest.json
random_forest,3,validation,20,recursive,0.0222961999998005,0.0393896999994467,True,,6.198655153258176,63.41825790169885,7.963558118184286,0.963707518174549,0.969835185706545,1.2624689039913977,4.018211795774164,equity:SPY,equity,20260928T054602477182Z-e456fc7a,artifacts\runs\20260928T054602477182Z-e456fc7a,2.3482788000001165,artifacts\runs\20260928T054602477182Z-e456fc7a\fold_predictions.parquet,artifacts\runs\20260928T054602477182Z-e456fc7a\config.json,artifacts\runs\20260928T054602477182Z-e456fc7a\data_manifest.json
xgboost,3,validation,1,recursive,0.0102399000006698,0.0141567999999097,True,,21.6485595703125,468.6601314693689,21.6485595703125,3.429578243774371,3.489414341316844,4.40912304330387,21.6485595703125,equity:SPY,equity,20260928T054602477182Z-e456fc7a,artifacts\runs\20260928T054602477182Z-e456fc7a,2.3482788000001165,artifacts\runs\20260928T054602477182Z-e456fc7a\fold_predictions.parquet,artifacts\runs\20260928T054602477182Z-e456fc7a\config.json,artifacts\runs\20260928T054602477182Z-e456fc7a\data_manifest.json
xgboost,3,validation,5,recursive,0.0102399000006698,0.0141567999999097,True,,25.617822265625,675.6886236324906,25.9940113032308,4.0524027056600325,4.138649930540743,5.217535610338054,25.617822265625,equity:SPY,equity,20260928T054602477182Z-e456fc7a,artifacts\runs\20260928T054602477182Z-e456fc7a,2.3482788000001165,artifacts\runs\20260928T054602477182Z-e456fc7a\fold_predictions.parquet,artifacts\runs\20260928T054602477182Z-e456fc7a\config.json,artifacts\runs\20260928T054602477182Z-e456fc7a\data_manifest.json
xgboost,3,validation,20,recursive,0.0102399000006698,0.0141567999999097,True,,50.89756774902344,2857.4217687299474,53.4548572978167,7.941717648208478,8.304853979285983,10.366215732804974,50.89756774902344,equity:SPY,equity,20260928T054602477182Z-e456fc7a,artifacts\runs\20260928T054602477182Z-e456fc7a,2.3482788000001165,artifacts\runs\20260928T054602477182Z-e456fc7a\fold_predictions.parquet,artifacts\runs\20260928T054602477182Z-e456fc7a\config.json,artifacts\runs\20260928T054602477182Z-e456fc7a\data_manifest.json
rnn,3,validation,1,recursive,0.0175799999997252,0.003718499999195,True,,53.74439546174426,2888.460043548357,53.74439546174426,8.514220486667856,8.892796643497023,10.946023993382571,53.74439546174426,equity:SPY,equity,20260928T054602477182Z-e456fc7a,artifacts\runs\20260928T054602477182Z-e456fc7a,2.3482788000001165,artifacts\runs\20260928T054602477182Z-e456fc7a\fold_predictions.parquet,artifacts\runs\20260928T054602477182Z-e456fc7a\config.json,artifacts\runs\20260928T054602477182Z-e456fc7a\data_manifest.json
rnn,3,validation,5,recursive,0.0175799999997252,0.003718499999195,True,,48.9748079828473,2418.5189834569537,49.17844023001293,7.7506922603091875,8.065758191950415,9.974610722584778,48.9748079828473,equity:SPY,equity,20260928T054602477182Z-e456fc7a,artifacts\runs\20260928T054602477182Z-e456fc7a,2.3482788000001165,artifacts\runs\20260928T054602477182Z-e456fc7a\fold_predictions.parquet,artifacts\runs\20260928T054602477182Z-e456fc7a\config.json,artifacts\runs\20260928T054602477182Z-e456fc7a\data_manifest.json
rnn,3,validation,20,recursive,0.0175799999997252,0.003718499999195,True,,56.04780260034297,3189.3717985360386,56.47452344673693,8.760147185883325,9.167032430267655,11.41515476672204,56.04780260034297,equity:SPY,equity,20260928T054602477182Z-e456fc7a,artifacts\runs\20260928T054602477182Z-e456fc7a,2.3482788000001165,artifacts\runs\20260928T054602477182Z-e456fc7a\fold_predictions.parquet,artifacts\runs\20260928T054602477182Z-e456fc7a\config.json,artifacts\runs\20260928T054602477182Z-e456fc7a\data_manifest.json
lstm,3,validation,1,recursive,0.014555200000359,0.0043203000004723,True,,32.62892697558027,1064.6468755777498,32.62892697558027,5.169094863318772,5.306237077421015,6.645474648742809,32.62892697558027,equity:SPY,equity,20260928T054602477182Z-e456fc7a,artifacts\runs\20260928T054602477182Z-e456fc7a,2.3482788000001165,artifacts\runs\20260928T054602477182Z-e456fc7a\fold_predictions.parquet,artifacts\runs\20260928T054602477182Z-e456fc7a\config.json,artifacts\runs\20260928T054602477182Z-e456fc7a\data_manifest.json
lstm,3,validation,5,recursive,0.014555200000359,0.0043203000004723,True,,35.354509502354766,1267.309679860478,35.59929324945199,5.593869027026871,5.7569942833810135,7.200589121195183,35.354509502354766,equity:SPY,equity,20260928T054602477182Z-e456fc7a,artifacts\runs\20260928T054602477182Z-e456fc7a,2.3482788000001165,artifacts\runs\20260928T054602477182Z-e456fc7a\fold_predictions.parquet,artifacts\runs\20260928T054602477182Z-e456fc7a\config.json,artifacts\runs\20260928T054602477182Z-e456fc7a\data_manifest.json
lstm,3,validation,20,recursive,0.014555200000359,0.0043203000004723,True,,46.40289151665801,2233.3233745692078,47.25805089684939,7.247266397032122,7.529514261535828,9.450793139262574,46.40289151665801,equity:SPY,equity,20260928T054602477182Z-e456fc7a,artifacts\runs\20260928T054602477182Z-e456fc7a,2.3482788000001165,artifacts\runs\20260928T054602477182Z-e456fc7a\fold_predictions.parquet,artifacts\runs\20260928T054602477182Z-e456fc7a\config.json,artifacts\runs\20260928T054602477182Z-e456fc7a\data_manifest.json
gru,3,validation,1,recursive,0.0386034000002837,0.0086888999994698,True,,28.33118131551373,802.6558347325143,28.33118131551373,4.488243328362483,4.591277174088819,5.77016054932141,28.33118131551373,equity:SPY,equity,20260928T054602477182Z-e456fc7a,artifacts\runs\20260928T054602477182Z-e456fc7a,2.3482788000001165,artifacts\runs\20260928T054602477182Z-e456fc7a\fold_predictions.parquet,artifacts\runs\20260928T054602477182Z-e456fc7a\config.json,artifacts\runs\20260928T054602477182Z-e456fc7a\data_manifest.json
gru,3,validation,5,recursive,0.0386034000002837,0.0086888999994698,True,,34.0184322065943,1189.8088668857397,34.49360617398157,5.381587763472052,5.534579803701183,6.928472670526055,34.0184322065943,equity:SPY,equity,20260928T054602477182Z-e456fc7a,artifacts\runs\20260928T054602477182Z-e456fc7a,2.3482788000001165,artifacts\runs\20260928T054602477182Z-e456fc7a\fold_predictions.parquet,artifacts\runs\20260928T054602477182Z-e456fc7a\config.json,artifacts\runs\20260928T054602477182Z-e456fc7a\data_manifest.json
gru,3,validation,20,recursive,0.0386034000002837,0.0086888999994698,True,,48.8830719100213,2512.9508456845497,50.12934116547464,7.632353328494747,7.950630515210754,9.95592700225292,48.8830719100213,equity:SPY,equity,20260928T054602477182Z-e456fc7a,artifacts\runs\20260928T054602477182Z-e456fc7a,2.3482788000001165,artifacts\runs\20260928T054602477182Z-e456fc7a\fold_predictions.parquet,artifacts\runs\20260928T054602477182Z-e456fc7a\config.json,artifacts\runs\20260928T054602477182Z-e456fc7a\data_manifest.json
arima,0,final_test,1,recursive,0.0055756000001565,0.0015300000004572,True,1.0,0.9532454829399056,0.9086769507453342,0.9532454829399056,0.1465762130237697,0.1464688687632238,0.2040298794931825,-0.9532454829399056,equity:SPY,equity,20260928T054602477182Z-e456fc7a,artifacts\runs\20260928T054602477182Z-e456fc7a,2.3482788000001165,artifacts\runs\20260928T054602477182Z-e456fc7a\fold_predictions.parquet,artifacts\runs\20260928T054602477182Z-e456fc7a\config.json,artifacts\runs\20260928T054602477182Z-e456fc7a\data_manifest.json
arima,0,final_test,5,recursive,0.0055756000001565,0.0015300000004572,True,1.0,4.341559789615895,25.76808077471294,5.076227021589257,0.6606981191980106,0.6636456612669472,0.9292547791108922,3.960261596439932,equity:SPY,equity,20260928T054602477182Z-e456fc7a,artifacts\runs\20260928T054602477182Z-e456fc7a,2.3482788000001165,artifacts\runs\20260928T054602477182Z-e456fc7a\fold_predictions.parquet,artifacts\runs\20260928T054602477182Z-e456fc7a\config.json,artifacts\runs\20260928T054602477182Z-e456fc7a\data_manifest.json
arima,0,final_test,20,recursive,0.0055756000001565,0.0015300000004572,True,1.0,6.9001880524701615,65.03016896913694,8.064128531288235,1.0450756885485235,1.052220572257,1.476896100764988,6.257598956448374,equity:SPY,equity,20260928T054602477182Z-e456fc7a,artifacts\runs\20260928T054602477182Z-e456fc7a,2.3482788000001165,artifacts\runs\20260928T054602477182Z-e456fc7a\fold_predictions.parquet,artifacts\runs\20260928T054602477182Z-e456fc7a\config.json,artifacts\runs\20260928T054602477182Z-e456fc7a\data_manifest.json
drift,0,final_test,1,recursive,1.2800000149582049e-05,1.1199999789823778e-05,True,,1.1755463222287972,1.381909155705651,1.1755463222287972,0.1807583998351659,0.1805951793569733,0.2516105019698433,-1.1755463222287972,equity:SPY,equity,20260928T054602477182Z-e456fc7a,artifacts\runs\20260928T054602477182Z-e456fc7a,2.3482788000001165,artifacts\runs\20260928T054602477182Z-e456fc7a\fold_predictions.parquet,artifacts\runs\20260928T054602477182Z-e456fc7a\config.json,artifacts\runs\20260928T054602477182Z-e456fc7a\data_manifest.json
drift,0,final_test,5,recursive,1.2800000149582049e-05,1.1199999789823778e-05,True,,3.4586064176739457,16.619241673336596,4.076670415098159,0.5263548700275964,0.5282157366006198,0.7402700177881134,2.9883878887824267,equity:SPY,equity,20260928T054602477182Z-e456fc7a,artifacts\runs\20260928T054602477182Z-e456fc7a,2.3482788000001165,artifacts\runs\20260928T054602477182Z-e456fc7a\fold_predictions.parquet,artifacts\runs\20260928T054602477182Z-e456fc7a\config.json,artifacts\runs\20260928T054602477182Z-e456fc7a\data_manifest.json
drift,0,final_test,20,recursive,1.2800000149582049e-05,1.1199999789823778e-05,True,,4.637505873194283,30.135143024051438,5.489548526431972,0.7041029592896613,0.7056786072795154,0.9925982146158306,2.534205022847874,equity:SPY,equity,20260928T054602477182Z-e456fc7a,artifacts\runs\20260928T054602477182Z-e456fc7a,2.3482788000001165,artifacts\runs\20260928T054602477182Z-e456fc7a\fold_predictions.parquet,artifacts\runs\20260928T054602477182Z-e456fc7a\config.json,artifacts\runs\20260928T054602477182Z-e456fc7a\data_manifest.json
exponential_smoothing,0,final_test,1,recursive,0.0162794999996549,0.0018526000003475,True,,1.2943884058929598,1.6754413453101176,1.2943884058929598,0.1990322053586116,0.1988343331794431,0.2770471145136935,-1.2943884058929598,equity:SPY,equity,20260928T054602477182Z-e456fc7a,artifacts\runs\20260928T054602477182Z-e456fc7a,2.3482788000001165,artifacts\runs\20260928T054602477182Z-e456fc7a\fold_predictions.parquet,artifacts\runs\20260928T054602477182Z-e456fc7a\config.json,artifacts\runs\20260928T054602477182Z-e456fc7a\data_manifest.json
exponential_smoothing,0,final_test,5,recursive,0.0162794999996549,0.0018526000003475,True,,3.381243638300293,15.87108986321761,3.9838536448039368,0.514604768989862,0.5163648811341245,0.7237115144063995,2.863488275943109,equity:SPY,equity,20260928T054602477182Z-e456fc7a,artifacts\runs\20260928T054602477182Z-e456fc7a,2.3482788000001165,artifacts\runs\20260928T054602477182Z-e456fc7a\fold_predictions.parquet,artifacts\runs\20260928T054602477182Z-e456fc7a\config.json,artifacts\runs\20260928T054602477182Z-e456fc7a\data_manifest.json
exponential_smoothing,0,final_test,20,recursive,0.0162794999996549,0.0018526000003475,True,,4.567484155305647,29.4282366360769,5.424779869826692,0.6935615891511928,0.6949740891585678,0.9776109705969416,2.386589675601636,equity:SPY,equity,20260928T054602477182Z-e456fc7a,artifacts\runs\20260928T054602477182Z-e456fc7a,2.3482788000001165,artifacts\runs\20260928T054602477182Z-e456fc7a\fold_predictions.parquet,artifacts\runs\20260928T054602477182Z-e456fc7a\config.json,artifacts\runs\20260928T054602477182Z-e456fc7a\data_manifest.json
gru,0,final_test,1,recursive,0.0347935999998298,0.009726799999953,True,,37.82369257788059,1430.6317202260195,37.82369257788059,5.815976807508788,5.9901702641555765,8.095672706312381,37.82369257788059,equity:SPY,equity,20260928T054602477182Z-e456fc7a,artifacts\runs\20260928T054602477182Z-e456fc7a,2.3482788000001165,artifacts\runs\20260928T054602477182Z-e456fc7a\fold_predictions.parquet,artifacts\runs\20260928T054602477182Z-e456fc7a\config.json,artifacts\runs\20260928T054602477182Z-e456fc7a\data_manifest.json
gru,0,final_test,5,recursive,0.0347935999998298,0.009726799999953,True,,48.93137180957849,2441.4033620838504,49.410559216465565,7.46305483643403,7.758100954766663,10.473127932329035,48.93137180957849,equity:SPY,equity,20260928T054602477182Z-e456fc7a,artifacts\runs\20260928T054602477182Z-e456fc7a,2.3482788000001165,artifacts\runs\20260928T054602477182Z-e456fc7a\fold_predictions.parquet,artifacts\runs\20260928T054602477182Z-e456fc7a\config.json,artifacts\runs\20260928T054602477182Z-e456fc7a\data_manifest.json
gru,0,final_test,20,recursive,0.0347935999998298,0.009726799999953,True,,60.49722004930784,3749.9462713255257,61.23680487521802,9.19214819758848,9.646020178314268,12.948648314875848,60.49722004930784,equity:SPY,equity,20260928T054602477182Z-e456fc7a,artifacts\runs\20260928T054602477182Z-e456fc7a,2.3482788000001165,artifacts\runs\20260928T054602477182Z-e456fc7a\fold_predictions.parquet,artifacts\runs\20260928T054602477182Z-e456fc7a\config.json,artifacts\runs\20260928T054602477182Z-e456fc7a\data_manifest.json
holt_winters,0,final_test,1,recursive,0.1058721999997942,0.0029961000000184,True,,3.696031980283237,13.66065239927643,3.696031980283237,0.5683219911138192,0.5667116177389157,0.7910878918769316,-3.696031980283237,equity:SPY,equity,20260928T054602477182Z-e456fc7a,artifacts\runs\20260928T054602477182Z-e456fc7a,2.3482788000001165,artifacts\runs\20260928T054602477182Z-e456fc7a\fold_predictions.parquet,artifacts\runs\20260928T054602477182Z-e456fc7a\config.json,artifacts\runs\20260928T054602477182Z-e456fc7a\data_manifest.json
holt_winters,0,final_test,5,recursive,0.1058721999997942,0.0029961000000184,True,,3.245424058749677,13.853040631499852,3.7219673066135135,0.4946029807744103,0.4955679437731773,0.6946410882208354,1.767011266636382,equity:SPY,equity,20260928T054602477182Z-e456fc7a,artifacts\runs\20260928T054602477182Z-e456fc7a,2.3482788000001165,artifacts\runs\20260928T054602477182Z-e456fc7a\fold_predictions.parquet,artifacts\runs\20260928T054602477182Z-e456fc7a\config.json,artifacts\runs\20260928T054602477182Z-e456fc7a\data_manifest.json
holt_winters,0,final_test,20,recursive,0.1058721999997942,0.0029961000000184,True,,4.240017540024672,25.253869275876816,5.025322803151735,0.6449316484008446,0.645118947483353,0.9075209725328968,1.1886959424599866,equity:SPY,equity,20260928T054602477182Z-e456fc7a,artifacts\runs\20260928T054602477182Z-e456fc7a,2.3482788000001165,artifacts\runs\20260928T054602477182Z-e456fc7a\fold_predictions.parquet,artifacts\runs\20260928T054602477182Z-e456fc7a\config.json,artifacts\runs\20260928T054602477182Z-e456fc7a\data_manifest.json
lasso,0,final_test,1,recursive,0.0033159000004161,0.0136265000001003,True,,0.9262745549768852,0.8579845511976266,0.9262745549768852,0.1424290163642439,0.1423276584222914,0.1982571008327025,-0.9262745549768852,equity:SPY,equity,20260928T054602477182Z-e456fc7a,artifacts\runs\20260928T054602477182Z-e456fc7a,2.3482788000001165,artifacts\runs\20260928T054602477182Z-e456fc7a\fold_predictions.parquet,artifacts\runs\20260928T054602477182Z-e456fc7a\config.json,artifacts\runs\20260928T054602477182Z-e456fc7a\data_manifest.json
lasso,0,final_test,5,recursive,0.0033159000004161,0.0136265000001003,True,,4.260092835568616,24.93989814532828,4.99398619795132,0.6482892982195031,0.6511426433625097,0.9118178301670798,3.8895830135778624,equity:SPY,equity,20260928T054602477182Z-e456fc7a,artifacts\runs\20260928T054602477182Z-e456fc7a,2.3482788000001165,artifacts\runs\20260928T054602477182Z-e456fc7a\fold_predictions.parquet,artifacts\runs\20260928T054602477182Z-e456fc7a\config.json,artifacts\runs\20260928T054602477182Z-e456fc7a\data_manifest.json
lasso,0,final_test,20,recursive,0.0033159000004161,0.0136265000001003,True,,6.098903432513009,51.053591014341706,7.145179564877408,0.9241240536905152,0.9293439088214924,1.3053914806272762,5.183840464415402,equity:SPY,equity,20260928T054602477182Z-e456fc7a,artifacts\runs\20260928T054602477182Z-e456fc7a,2.3482788000001165,artifacts\runs\20260928T054602477182Z-e456fc7a\fold_predictions.parquet,artifacts\runs\20260928T054602477182Z-e456fc7a\config.json,artifacts\runs\20260928T054602477182Z-e456fc7a\data_manifest.json
last_value,0,final_test,1,recursive,1.1900000572495628e-05,6.799999937356915e-06,True,,0.80902099609375,0.6545149721205235,0.80902099609375,0.1243994710558892,0.1243221430117332,0.1731604914941603,-0.80902099609375,equity:SPY,equity,20260928T054602477182Z-e456fc7a,artifacts\runs\20260928T054602477182Z-e456fc7a,2.3482788000001165,artifacts\runs\20260928T054602477182Z-e456fc7a\fold_predictions.parquet,artifacts\runs\20260928T054602477182Z-e456fc7a\config.json,artifacts\runs\20260928T054602477182Z-e456fc7a\data_manifest.json
last_value,0,final_test,5,recursive,1.1900000572495628e-05,6.799999937356915e-06,True,,4.411572265625,26.759209106862546,5.172930417748004,0.6713216031068349,0.674396546494954,0.9442400450248746,4.0879638671875,equity:SPY,equity,20260928T054602477182Z-e456fc7a,artifacts\runs\20260928T054602477182Z-e456fc7a,2.3482788000001165,artifacts\runs\20260928T054602477182Z-e456fc7a\fold_predictions.parquet,artifacts\runs\20260928T054602477182Z-e456fc7a\config.json,artifacts\runs\20260928T054602477182Z-e456fc7a\data_manifest.json
last_value,0,final_test,20,recursive,1.1900000572495628e-05,6.799999937356915e-06,True,,6.98603515625,66.59863992370666,8.160798975817665,1.0580575596145911,1.0654025534192977,1.4952705641666084,6.382720947265625,equity:SPY,equity,20260928T054602477182Z-e456fc7a,artifacts\runs\20260928T054602477182Z-e456fc7a,2.3482788000001165,artifacts\runs\20260928T054602477182Z-e456fc7a\fold_predictions.parquet,artifacts\runs\20260928T054602477182Z-e456fc7a\config.json,artifacts\runs\20260928T054602477182Z-e456fc7a\data_manifest.json
lstm,0,final_test,1,recursive,0.0228928999995332,0.0060064999997848,True,,44.91609670019818,2017.455742781554,44.91609670019818,6.906543462256863,7.153575875738564,9.61371017335657,44.91609670019818,equity:SPY,equity,20260928T054602477182Z-e456fc7a,artifacts\runs\20260928T054602477182Z-e456fc7a,2.3482788000001165,artifacts\runs\20260928T054602477182Z-e456fc7a\fold_predictions.parquet,artifacts\runs\20260928T054602477182Z-e456fc7a\config.json,artifacts\runs\20260928T054602477182Z-e456fc7a\data_manifest.json
lstm,0,final_test,5,recursive,0.0228928999995332,0.0060064999997848,True,,52.58900708932053,2788.101651189045,52.8024776993376,8.02268485858506,8.360616295810516,11.25599750654849,52.58900708932053,equity:SPY,equity,20260928T054602477182Z-e456fc7a,artifacts\runs\20260928T054602477182Z-e456fc7a,2.3482788000001165,artifacts\runs\20260928T054602477182Z-e456fc7a\fold_predictions.parquet,artifacts\runs\20260928T054602477182Z-e456fc7a\config.json,artifacts\runs\20260928T054602477182Z-e456fc7a\data_manifest.json
lstm,0,final_test,20,recursive,0.0228928999995332,0.0060064999997848,True,,60.23678197383592,3683.868042139928,60.69487657240872,9.153756245659904,9.59938267528334,12.892904909735242,60.23678197383592,equity:SPY,equity,20260928T054602477182Z-e456fc7a,artifacts\runs\20260928T054602477182Z-e456fc7a,2.3482788000001165,artifacts\runs\20260928T054602477182Z-e456fc7a\fold_predictions.parquet,artifacts\runs\20260928T054602477182Z-e456fc7a\config.json,artifacts\runs\20260928T054602477182Z-e456fc7a\data_manifest.json
random_forest,0,final_test,1,recursive,0.0220564999999623,0.0531335999994553,True,,4.083573373787431,16.675571499105658,4.083573373787431,0.627912464781325,0.6298900438311411,0.8740361200410144,4.083573373787431,equity:SPY,equity,20260928T054602477182Z-e456fc7a,artifacts\runs\20260928T054602477182Z-e456fc7a,2.3482788000001165,artifacts\runs\20260928T054602477182Z-e456fc7a\fold_predictions.parquet,artifacts\runs\20260928T054602477182Z-e456fc7a\config.json,artifacts\runs\20260928T054602477182Z-e456fc7a\data_manifest.json
random_forest,0,final_test,5,recursive,0.0220564999999623,0.0531335999994553,True,,8.558797576261487,82.31256920665243,9.072627469848657,1.3040205170598558,1.3136263317658206,1.831900039752153,8.558797576261487,equity:SPY,equity,20260928T054602477182Z-e456fc7a,artifacts\runs\20260928T054602477182Z-e456fc7a,2.3482788000001165,artifacts\runs\20260928T054602477182Z-e456fc7a\fold_predictions.parquet,artifacts\runs\20260928T054602477182Z-e456fc7a\config.json,artifacts\runs\20260928T054602477182Z-e456fc7a\data_manifest.json
random_forest,0,final_test,20,recursive,0.0220564999999623,0.0531335999994553,True,,10.847957150707291,141.58286763767555,11.898859930164551,1.6441419222404396,1.6605084457819053,2.321865070243976,10.774474532438262,equity:SPY,equity,20260928T054602477182Z-e456fc7a,artifacts\runs\20260928T054602477182Z-e456fc7a,2.3482788000001165,artifacts\runs\20260928T054602477182Z-e456fc7a\fold_predictions.parquet,artifacts\runs\20260928T054602477182Z-e456fc7a\config.json,artifacts\runs\20260928T054602477182Z-e456fc7a\data_manifest.json
ridge,0,final_test,1,recursive,0.002460599999722,0.0112853000000541,True,,0.7805634795699916,0.6092793456384127,0.7805634795699916,0.1200236884492415,0.1199517032199604,0.1670695277592881,-0.7805634795699916,equity:SPY,equity,20260928T054602477182Z-e456fc7a,artifacts\runs\20260928T054602477182Z-e456fc7a,2.3482788000001165,artifacts\runs\20260928T054602477182Z-e456fc7a\fold_predictions.parquet,artifacts\runs\20260928T054602477182Z-e456fc7a\config.json,artifacts\runs\20260928T054602477182Z-e456fc7a\data_manifest.json
ridge,0,final_test,5,recursive,0.002460599999722,0.0112853000000541,True,,4.340258080593412,25.97828813551573,5.096890045460636,0.6604637222486004,0.6634497524218559,0.9289761651129814,4.028032688765416,equity:SPY,equity,20260928T054602477182Z-e456fc7a,artifacts\runs\20260928T054602477182Z-e456fc7a,2.3482788000001165,artifacts\runs\20260928T054602477182Z-e456fc7a\fold_predictions.parquet,artifacts\runs\20260928T054602477182Z-e456fc7a\config.json,artifacts\runs\20260928T054602477182Z-e456fc7a\data_manifest.json
ridge,0,final_test,20,recursive,0.002460599999722,0.0112853000000541,True,,6.160386875780688,52.00596011667386,7.211515798823009,0.9334271015205018,0.9387712363885472,1.318551217279835,5.280397755436224,equity:SPY,equity,20260928T054602477182Z-e456fc7a,artifacts\runs\20260928T054602477182Z-e456fc7a,2.3482788000001165,artifacts\runs\20260928T054602477182Z-e456fc7a\fold_predictions.parquet,artifacts\runs\20260928T054602477182Z-e456fc7a\config.json,artifacts\runs\20260928T054602477182Z-e456fc7a\data_manifest.json
rnn,0,final_test,1,recursive,0.0257235999997647,0.0055381999991368,True,,68.30707176550175,4665.856053177406,68.30707176550175,10.503267082107223,11.085433421860834,14.620246169816976,68.30707176550175,equity:SPY,equity,20260928T054602477182Z-e456fc7a,artifacts\runs\20260928T054602477182Z-e456fc7a,2.3482788000001165,artifacts\runs\20260928T054602477182Z-e456fc7a\fold_predictions.parquet,artifacts\runs\20260928T054602477182Z-e456fc7a\config.json,artifacts\runs\20260928T054602477182Z-e456fc7a\data_manifest.json
rnn,0,final_test,5,recursive,0.0257235999997647,0.0055381999991368,True,,67.93259781610391,4626.781753541946,68.0204509948438,10.36649602563398,10.934668148255676,14.54009485922976,67.93259781610391,equity:SPY,equity,20260928T054602477182Z-e456fc7a,artifacts\runs\20260928T054602477182Z-e456fc7a,2.3482788000001165,artifacts\runs\20260928T054602477182Z-e456fc7a\fold_predictions.parquet,artifacts\runs\20260928T054602477182Z-e456fc7a\config.json,artifacts\runs\20260928T054602477182Z-e456fc7a\data_manifest.json
rnn,0,final_test,20,recursive,0.0257235999997647,0.0055381999991368,True,,70.14424374709414,4946.450912348495,70.33100960706092,10.662691407972009,11.266074235718037,15.013469095832328,70.14424374709414,equity:SPY,equity,20260928T054602477182Z-e456fc7a,artifacts\runs\20260928T054602477182Z-e456fc7a,2.3482788000001165,artifacts\runs\20260928T054602477182Z-e456fc7a\fold_predictions.parquet,artifacts\runs\20260928T054602477182Z-e456fc7a\config.json,artifacts\runs\20260928T054602477182Z-e456fc7a\data_manifest.json
sarima,0,final_test,1,recursive,0.017108900000494,0.0013245000000097,True,1.0,1.0325818471434332,1.0662252710501443,1.0325818471434332,0.1587754041326152,0.1586494559751759,0.2210108032086043,-1.0325818471434332,equity:SPY,equity,20260928T054602477182Z-e456fc7a,artifacts\runs\20260928T054602477182Z-e456fc7a,2.3482788000001165,artifacts\runs\20260928T054602477182Z-e456fc7a\fold_predictions.parquet,artifacts\runs\20260928T054602477182Z-e456fc7a\config.json,artifacts\runs\20260928T054602477182Z-e456fc7a\data_manifest.json
sarima,0,final_test,5,recursive,0.017108900000494,0.0013245000000097,True,1.0,4.0904299167817495,22.97151109183073,4.792860428995479,0.6224826460883894,0.6250972355460327,0.8755036744809853,3.6773971779243766,equity:SPY,equity,20260928T054602477182Z-e456fc7a,artifacts\runs\20260928T054602477182Z-e456fc7a,2.3482788000001165,artifacts\runs\20260928T054602477182Z-e456fc7a\fold_predictions.parquet,artifacts\runs\20260928T054602477182Z-e456fc7a\config.json,artifacts\runs\20260928T054602477182Z-e456fc7a\data_manifest.json
sarima,0,final_test,20,recursive,0.017108900000494,0.0013245000000097,True,1.0,6.622600704763192,60.32460650323999,7.766891688651258,1.0030680670640535,1.0096129799676026,1.417482115474637,5.894173360756736,equity:SPY,equity,20260928T054602477182Z-e456fc7a,artifacts\runs\20260928T054602477182Z-e456fc7a,2.3482788000001165,artifacts\runs\20260928T054602477182Z-e456fc7a\fold_predictions.parquet,artifacts\runs\20260928T054602477182Z-e456fc7a\config.json,artifacts\runs\20260928T054602477182Z-e456fc7a\data_manifest.json
seasonal_naive,0,final_test,1,recursive,1.2099999366910197e-05,1.5999999959603883e-05,True,,6.87652587890625,47.286608163267374,6.87652587890625,1.0573720412306116,1.0629919309699185,1.4718315182338415,6.87652587890625,equity:SPY,equity,20260928T054602477182Z-e456fc7a,artifacts\runs\20260928T054602477182Z-e456fc7a,2.3482788000001165,artifacts\runs\20260928T054602477182Z-e456fc7a\fold_predictions.parquet,artifacts\runs\20260928T054602477182Z-e456fc7a\config.json,artifacts\runs\20260928T054602477182Z-e456fc7a\data_manifest.json
seasonal_naive,0,final_test,5,recursive,1.2099999366910197e-05,1.5999999959603883e-05,True,,6.42421875,43.23998088240624,6.575711435457477,0.9801042853435782,0.9851598708530298,1.375021021193734,6.42421875,equity:SPY,equity,20260928T054602477182Z-e456fc7a,artifacts\runs\20260928T054602477182Z-e456fc7a,2.3482788000001165,artifacts\runs\20260928T054602477182Z-e456fc7a\fold_predictions.parquet,artifacts\runs\20260928T054602477182Z-e456fc7a\config.json,artifacts\runs\20260928T054602477182Z-e456fc7a\data_manifest.json
seasonal_naive,0,final_test,20,recursive,1.2099999366910197e-05,1.5999999959603883e-05,True,,8.9734619140625,108.71436574235558,10.426618135443322,1.3597392705156186,1.372215781537469,1.920653583708883,8.718975830078126,equity:SPY,equity,20260928T054602477182Z-e456fc7a,artifacts\runs\20260928T054602477182Z-e456fc7a,2.3482788000001165,artifacts\runs\20260928T054602477182Z-e456fc7a\fold_predictions.parquet,artifacts\runs\20260928T054602477182Z-e456fc7a\config.json,artifacts\runs\20260928T054602477182Z-e456fc7a\data_manifest.json
xgboost,0,final_test,1,recursive,0.0119739000001573,0.0133613999996669,True,,30.1722412109375,910.3641396909952,30.1722412109375,4.639448006089052,4.749626225701548,6.457978399562897,30.1722412109375,equity:SPY,equity,20260928T054602477182Z-e456fc7a,artifacts\runs\20260928T054602477182Z-e456fc7a,2.3482788000001165,artifacts\runs\20260928T054602477182Z-e456fc7a\fold_predictions.parquet,artifacts\runs\20260928T054602477182Z-e456fc7a\config.json,artifacts\runs\20260928T054602477182Z-e456fc7a\data_manifest.json
xgboost,0,final_test,5,recursive,0.0119739000001573,0.0133613999996669,True,,41.9062744140625,1797.1644516438246,42.39297644237574,6.391179576950647,6.607120602235381,8.969496600539806,41.9062744140625,equity:SPY,equity,20260928T054602477182Z-e456fc7a,artifacts\runs\20260928T054602477182Z-e456fc7a,2.3482788000001165,artifacts\runs\20260928T054602477182Z-e456fc7a\fold_predictions.parquet,artifacts\runs\20260928T054602477182Z-e456fc7a\config.json,artifacts\runs\20260928T054602477182Z-e456fc7a\data_manifest.json
xgboost,0,final_test,20,recursive,0.0119739000001573,0.0133613999996669,True,,52.1530517578125,2820.498120240867,53.10836205571461,7.923306211358651,8.262501550188858,11.162686900472842,52.1530517578125,equity:SPY,equity,20260928T054602477182Z-e456fc7a,artifacts\runs\20260928T054602477182Z-e456fc7a,2.3482788000001165,artifacts\runs\20260928T054602477182Z-e456fc7a\fold_predictions.parquet,artifacts\runs\20260928T054602477182Z-e456fc7a\config.json,artifacts\runs\20260928T054602477182Z-e456fc7a\data_manifest.json
last_value,1,validation,1,recursive,9.80000004346948e-06,5.2999994295532815e-06,True,,0.0009000000000001,8.100000000002213e-07,0.0009000000000001,0.0775995861355512,0.0775694893342058,0.1945414847161843,-0.0009000000000001,forex:EUR-USD,forex,20260928T054604900545Z-5e05e298,artifacts\runs\20260928T054604900545Z-5e05e298,2.419832900000074,artifacts\runs\20260928T054604900545Z-5e05e298\fold_predictions.parquet,artifacts\runs\20260928T054604900545Z-5e05e298\config.json,artifacts\runs\20260928T054604900545Z-5e05e298\data_manifest.json
last_value,1,validation,5,recursive,9.80000004346948e-06,5.2999994295532815e-06,True,,0.0101999999999999,0.0001424239999999,0.0119341526720584,0.8683761027969493,0.8735424280509427,2.204803493449785,0.0098399999999999,forex:EUR-USD,forex,20260928T054604900545Z-5e05e298,artifacts\runs\20260928T054604900545Z-5e05e298,2.419832900000074,artifacts\runs\20260928T054604900545Z-5e05e298\fold_predictions.parquet,artifacts\runs\20260928T054604900545Z-5e05e298\config.json,artifacts\runs\20260928T054604900545Z-5e05e298\data_manifest.json
last_value,1,validation,20,recursive,9.80000004346948e-06,5.2999994295532815e-06,True,,0.0093149999999999,0.0001128694999999,0.0106240058358417,0.7943200448252913,0.7984019222967554,2.013504366812227,0.0088949999999999,forex:EUR-USD,forex,20260928T054604900545Z-5e05e298,artifacts\runs\20260928T054604900545Z-5e05e298,2.419832900000074,artifacts\runs\20260928T054604900545Z-5e05e298\fold_predictions.parquet,artifacts\runs\20260928T054604900545Z-5e05e298\config.json,artifacts\runs\20260928T054604900545Z-5e05e298\data_manifest.json
drift,1,validation,1,recursive,7.900000127847306e-06,8.69999985297909e-06,True,,0.0021262626262628,4.520992755842019e-06,0.0021262626262628,0.1833301109038463,0.1831622151577549,0.4596069868996042,-0.0021262626262628,forex:EUR-USD,forex,20260928T054604900545Z-5e05e298,artifacts\runs\20260928T054604900545Z-5e05e298,2.419832900000074,artifacts\runs\20260928T054604900545Z-5e05e298\fold_predictions.parquet,artifacts\runs\20260928T054604900545Z-5e05e298\config.json,artifacts\runs\20260928T054604900545Z-5e05e298\data_manifest.json
drift,1,validation,5,recursive,7.900000127847306e-06,8.69999985297909e-06,True,,0.0070117171717171,6.454269809203091e-05,0.0080338470294144,0.5971805030942826,0.5994542084303739,1.515633187772932,0.006161212121212,forex:EUR-USD,forex,20260928T054604900545Z-5e05e298,artifacts\runs\20260928T054604900545Z-5e05e298,2.419832900000074,artifacts\runs\20260928T054604900545Z-5e05e298\fold_predictions.parquet,artifacts\runs\20260928T054604900545Z-5e05e298\config.json,artifacts\runs\20260928T054604900545Z-5e05e298\data_manifest.json
drift,1,validation,20,recursive,7.900000127847306e-06,8.69999985297909e-06,True,,0.009635202020202,0.000132941808948,0.0115300394165877,0.8249676578323591,0.8218902203555759,2.082718340611371,-0.0039807575757576,forex:EUR-USD,forex,20260928T054604900545Z-5e05e298,artifacts\runs\20260928T054604900545Z-5e05e298,2.419832900000074,artifacts\runs\20260928T054604900545Z-5e05e298\fold_predictions.parquet,artifacts\runs\20260928T054604900545Z-5e05e298\config.json,artifacts\runs\20260928T054604900545Z-5e05e298\data_manifest.json
seasonal_naive,1,validation,1,recursive,7.999999979801942e-06,1.2299999980314167e-05,True,,0.0089999999999998,8.099999999999815e-05,0.0089999999999998,0.7759958613553972,0.7790184367696613,1.9454148471615555,0.0089999999999998,forex:EUR-USD,forex,20260928T054604900545Z-5e05e298,artifacts\runs\20260928T054604900545Z-5e05e298,2.419832900000074,artifacts\runs\20260928T054604900545Z-5e05e298\fold_predictions.parquet,artifacts\runs\20260928T054604900545Z-5e05e298\config.json,artifacts\runs\20260928T054604900545Z-5e05e298\data_manifest.json
seasonal_naive,1,validation,5,recursive,7.999999979801942e-06,1.2299999980314167e-05,True,,0.01894,0.000387246,0.0196785670210002,1.6162490913548944,1.6304632934816563,4.0940174672489205,0.01894,forex:EUR-USD,forex,20260928T054604900545Z-5e05e298,artifacts\runs\20260928T054604900545Z-5e05e298,2.419832900000074,artifacts\runs\20260928T054604900545Z-5e05e298\fold_predictions.parquet,artifacts\runs\20260928T054604900545Z-5e05e298\config.json,artifacts\runs\20260928T054604900545Z-5e05e298\data_manifest.json
seasonal_naive,1,validation,20,recursive,7.999999979801942e-06,1.2299999980314167e-05,True,,0.0179949999999999,0.0003703665,0.0192449084175529,1.5365238788005515,1.5501286098674405,3.889748908296953,0.0179949999999999,forex:EUR-USD,forex,20260928T054604900545Z-5e05e298,artifacts\runs\20260928T054604900545Z-5e05e298,2.419832900000074,artifacts\runs\20260928T054604900545Z-5e05e298\fold_predictions.parquet,artifacts\runs\20260928T054604900545Z-5e05e298\config.json,artifacts\runs\20260928T054604900545Z-5e05e298\data_manifest.json
exponential_smoothing,1,validation,1,recursive,0.010332599999856,0.0009847000001173,True,,0.0020640270907692,4.260207831429371e-06,0.0020640270907692,0.1779640533513752,0.1778058381130745,0.4461543274806905,-0.0020640270907692,forex:EUR-USD,forex,20260928T054604900545Z-5e05e298,artifacts\runs\20260928T054604900545Z-5e05e298,2.419832900000074,artifacts\runs\20260928T054604900545Z-5e05e298\fold_predictions.parquet,artifacts\runs\20260928T054604900545Z-5e05e298\config.json,artifacts\runs\20260928T054604900545Z-5e05e298\data_manifest.json
exponential_smoothing,1,validation,5,recursive,0.010332599999856,0.0009847000001173,True,,0.0070490882093259,6.531402787485224e-05,0.0080817094648875,0.6003536087378485,0.602659254827288,1.523711206819364,0.0062234773730182,forex:EUR-USD,forex,20260928T054604900545Z-5e05e298,artifacts\runs\20260928T054604900545Z-5e05e298,2.419832900000074,artifacts\runs\20260928T054604900545Z-5e05e298\fold_predictions.parquet,artifacts\runs\20260928T054604900545Z-5e05e298\config.json,artifacts\runs\20260928T054604900545Z-5e05e298\data_manifest.json
exponential_smoothing,1,validation,20,recursive,0.010332599999856,0.0009847000001173,True,,0.0096226672499811,0.0001324474711624,0.0115085825001383,0.8238779900683155,0.8208443641241822,2.0800088597120845,-0.0039183808877791,forex:EUR-USD,forex,20260928T054604900545Z-5e05e298,artifacts\runs\20260928T054604900545Z-5e05e298,2.419832900000074,artifacts\runs\20260928T054604900545Z-5e05e298\fold_predictions.parquet,artifacts\runs\20260928T054604900545Z-5e05e298\config.json,artifacts\runs\20260928T054604900545Z-5e05e298\data_manifest.json
holt_winters,1,validation,1,recursive,0.0508226000001741,0.0012051000003339,True,,0.0043841918258011,1.9221137965421945e-05,0.0043841918258011,0.3780127458011025,0.3772996254640456,0.947674652302006,-0.0043841918258011,forex:EUR-USD,forex,20260928T054604900545Z-5e05e298,artifacts\runs\20260928T054604900545Z-5e05e298,2.419832900000074,artifacts\runs\20260928T054604900545Z-5e05e298\fold_predictions.parquet,artifacts\runs\20260928T054604900545Z-5e05e298\config.json,artifacts\runs\20260928T054604900545Z-5e05e298\data_manifest.json
holt_winters,1,validation,5,recursive,0.0508226000001741,0.0012051000003339,True,,0.0076974199969398,7.020138223624607e-05,0.0083786265125165,0.6561297923105885,0.6583943242646828,1.6638527940983512,0.0059437432666193,forex:EUR-USD,forex,20260928T054604900545Z-5e05e298,artifacts\runs\20260928T054604900545Z-5e05e298,2.419832900000074,artifacts\runs\20260928T054604900545Z-5e05e298\fold_predictions.parquet,artifacts\runs\20260928T054604900545Z-5e05e298\config.json,artifacts\runs\20260928T054604900545Z-5e05e298\data_manifest.json
holt_winters,1,validation,20,recursive,0.0508226000001741,0.0012051000003339,True,,0.009996616795483,0.000140684312227,0.0118610417850649,0.8560687579381696,0.8526847015782848,2.1608407483686154,-0.0043677537715816,forex:EUR-USD,forex,20260928T054604900545Z-5e05e298,artifacts\runs\20260928T054604900545Z-5e05e298,2.419832900000074,artifacts\runs\20260928T054604900545Z-5e05e298\fold_predictions.parquet,artifacts\runs\20260928T054604900545Z-5e05e298\config.json,artifacts\runs\20260928T054604900545Z-5e05e298\data_manifest.json
arima,1,validation,1,recursive,0.0114880000000994,0.0009422999992239,True,1.0,0.0012266843308372,1.5047544475217052e-06,0.0012266843308372,0.1057668848799172,0.1057109812739824,0.265156656665701,-0.0012266843308372,forex:EUR-USD,forex,20260928T054604900545Z-5e05e298,artifacts\runs\20260928T054604900545Z-5e05e298,2.419832900000074,artifacts\runs\20260928T054604900545Z-5e05e298\fold_predictions.parquet,artifacts\runs\20260928T054604900545Z-5e05e298\config.json,artifacts\runs\20260928T054604900545Z-5e05e298\data_manifest.json
arima,1,validation,5,recursive,0.0114880000000994,0.0009422999992239,True,1.0,0.0099975484414472,0.0001359441916408,0.0116595107805092,0.8511842427556793,0.8561034990854732,2.161042130356502,0.0095068747091123,forex:EUR-USD,forex,20260928T054604900545Z-5e05e298,artifacts\runs\20260928T054604900545Z-5e05e298,2.419832900000074,artifacts\runs\20260928T054604900545Z-5e05e298\fold_predictions.parquet,artifacts\runs\20260928T054604900545Z-5e05e298\config.json,artifacts\runs\20260928T054604900545Z-5e05e298\data_manifest.json
arima,1,validation,20,recursive,0.0114880000000994,0.0009422999992239,True,1.0,0.0090802549436896,0.0001070249163377,0.0103452847393248,0.7743246820230352,0.77818098049984,1.9627625314962396,0.0085606293590875,forex:EUR-USD,forex,20260928T054604900545Z-5e05e298,artifacts\runs\20260928T054604900545Z-5e05e298,2.419832900000074,artifacts\runs\20260928T054604900545Z-5e05e298\fold_predictions.parquet,artifacts\runs\20260928T054604900545Z-5e05e298\config.json,artifacts\runs\20260928T054604900545Z-5e05e298\data_manifest.json
sarima,1,validation,1,recursive,0.0183207999998558,0.001075999999557,True,1.0,0.0004767974218431,2.2733578147626978e-07,0.0004767974218431,0.0411103140061342,0.0411018654531591,0.103063198171335,-0.0004767974218431,forex:EUR-USD,forex,20260928T054604900545Z-5e05e298,artifacts\runs\20260928T054604900545Z-5e05e298,2.419832900000074,artifacts\runs\20260928T054604900545Z-5e05e298\fold_predictions.parquet,artifacts\runs\20260928T054604900545Z-5e05e298\config.json,artifacts\runs\20260928T054604900545Z-5e05e298\data_manifest.json
sarima,1,validation,5,recursive,0.0183207999998558,0.001075999999557,True,1.0,0.0103472168261566,0.0001440087118704,0.012000362989111,0.881005115300299,0.8862409509184145,2.236625471156128,0.0101564978574193,forex:EUR-USD,forex,20260928T054604900545Z-5e05e298,artifacts\runs\20260928T054604900545Z-5e05e298,2.419832900000074,artifacts\runs\20260928T054604900545Z-5e05e298\fold_predictions.parquet,artifacts\runs\20260928T054604900545Z-5e05e298\config.json,artifacts\runs\20260928T054604900545Z-5e05e298\data_manifest.json
sarima,1,validation,20,recursive,0.0183207999998558,0.001075999999557,True,1.0,0.008877315835023,0.0001029823621884,0.0101480225752827,0.7570204177991768,0.7607133075544996,1.918895780932935,0.0083115529906497,forex:EUR-USD,forex,20260928T054604900545Z-5e05e298,artifacts\runs\20260928T054604900545Z-5e05e298,2.419832900000074,artifacts\runs\20260928T054604900545Z-5e05e298\fold_predictions.parquet,artifacts\runs\20260928T054604900545Z-5e05e298\config.json,artifacts\runs\20260928T054604900545Z-5e05e298\data_manifest.json
ridge,1,validation,1,recursive,0.0019361000004209,0.1452165999999124,True,,0.0027512633097419,7.569449799532274e-06,0.0027512633097419,0.2372187713176373,0.2375004691650508,0.5947053879136565,0.0027512633097419,forex:EUR-USD,forex,20260928T054604900545Z-5e05e298,artifacts\runs\20260928T054604900545Z-5e05e298,2.419832900000074,artifacts\runs\20260928T054604900545Z-5e05e298\fold_predictions.parquet,artifacts\runs\20260928T054604900545Z-5e05e298\config.json,artifacts\runs\20260928T054604900545Z-5e05e298\data_manifest.json
ridge,1,validation,5,recursive,0.0019361000004209,0.1452165999999124,True,,0.0143483738181738,0.0002560489419085,0.0160015293615492,1.222343700537133,1.2316845147280695,3.101504384277766,0.0143483738181738,forex:EUR-USD,forex,20260928T054604900545Z-5e05e298,artifacts\runs\20260928T054604900545Z-5e05e298,2.419832900000074,artifacts\runs\20260928T054604900545Z-5e05e298\fold_predictions.parquet,artifacts\runs\20260928T054604900545Z-5e05e298\config.json,artifacts\runs\20260928T054604900545Z-5e05e298\data_manifest.json
ridge,1,validation,20,recursive,0.0019361000004209,0.1452165999999124,True,,0.0131838035913103,0.0002079267153622,0.0144196641903415,1.1247606794551093,1.1323640742778782,2.849774138733039,0.0131838035913103,forex:EUR-USD,forex,20260928T054604900545Z-5e05e298,artifacts\runs\20260928T054604900545Z-5e05e298,2.419832900000074,artifacts\runs\20260928T054604900545Z-5e05e298\fold_predictions.parquet,artifacts\runs\20260928T054604900545Z-5e05e298\config.json,artifacts\runs\20260928T054604900545Z-5e05e298\data_manifest.json
lasso,1,validation,1,recursive,0.0024960999999166,0.0086550999994869,True,,0.0141753921925595,0.0002009417438128,0.0141753921925595,1.2222272971684418,1.2297424209452683,3.0641131595270816,0.0141753921925595,forex:EUR-USD,forex,20260928T054604900545Z-5e05e298,artifacts\runs\20260928T054604900545Z-5e05e298,2.419832900000074,artifacts\runs\20260928T054604900545Z-5e05e298\fold_predictions.parquet,artifacts\runs\20260928T054604900545Z-5e05e298\config.json,artifacts\runs\20260928T054604900545Z-5e05e298\data_manifest.json
lasso,1,validation,5,recursive,0.0024960999999166,0.0086550999994869,True,,0.0401817192485041,0.0018617858980384,0.0431484170977161,3.425288524426768,3.4942125187162185,8.685568134502006,0.0401817192485041,forex:EUR-USD,forex,20260928T054604900545Z-5e05e298,artifacts\runs\20260928T054604900545Z-5e05e298,2.419832900000074,artifacts\runs\20260928T054604900545Z-5e05e298\fold_predictions.parquet,artifacts\runs\20260928T054604900545Z-5e05e298\config.json,artifacts\runs\20260928T054604900545Z-5e05e298\data_manifest.json
lasso,1,validation,20,recursive,0.0024960999999166,0.0086550999994869,True,,0.0520361710345448,0.0028311562756195,0.0532086109160868,4.446272840423325,4.55204734471512,11.24799330222697,0.0520361710345448,forex:EUR-USD,forex,20260928T054604900545Z-5e05e298,artifacts\runs\20260928T054604900545Z-5e05e298,2.419832900000074,artifacts\runs\20260928T054604900545Z-5e05e298\fold_predictions.parquet,artifacts\runs\20260928T054604900545Z-5e05e298\config.json,artifacts\runs\20260928T054604900545Z-5e05e298\data_manifest.json
random_forest,1,validation,1,recursive,0.0155165000005581,0.0402758999998695,True,,0.0067260540293039,4.523980280511562e-05,0.0067260540293039,0.5799322322214114,0.5816187294618043,1.4538850412687576,0.0067260540293039,forex:EUR-USD,forex,20260928T054604900545Z-5e05e298,artifacts\runs\20260928T054604900545Z-5e05e298,2.419832900000074,artifacts\runs\20260928T054604900545Z-5e05e298\fold_predictions.parquet,artifacts\runs\20260928T054604900545Z-5e05e298\config.json,artifacts\runs\20260928T054604900545Z-5e05e298\data_manifest.json
random_forest,1,validation,5,recursive,0.0155165000005581,0.0402758999998695,True,,0.0175840611721611,0.0003635393483184,0.0190667078521284,1.4986621299025578,1.5119487048012985,3.800921519746637,0.0175840611721611,forex:EUR-USD,forex,20260928T054604900545Z-5e05e298,artifacts\runs\20260928T054604900545Z-5e05e298,2.419832900000074,artifacts\runs\20260928T054604900545Z-5e05e298\fold_predictions.parquet,artifacts\runs\20260928T054604900545Z-5e05e298\config.json,artifacts\runs\20260928T054604900545Z-5e05e298\data_manifest.json
random_forest,1,validation,20,recursive,0.0155165000005581,0.0402758999998695,True,,0.0169169736721611,0.0003225227769763,0.017958919148333,1.44387930182177,1.4557002392073557,3.6567257500959705,0.0169169736721611,forex:EUR-USD,forex,20260928T054604900545Z-5e05e298,artifacts\runs\20260928T054604900545Z-5e05e298,2.419832900000074,artifacts\runs\20260928T054604900545Z-5e05e298\fold_predictions.parquet,artifacts\runs\20260928T054604900545Z-5e05e298\config.json,artifacts\runs\20260928T054604900545Z-5e05e298\data_manifest.json
xgboost,1,validation,1,recursive,0.0099175999994258,0.0114666999998007,True,,0.0249835918426513,0.0006241798613601,0.0249835918426513,2.154129319076678,2.177583299224636,5.4003833895687485,0.0249835918426513,forex:EUR-USD,forex,20260928T054604900545Z-5e05e298,artifacts\runs\20260928T054604900545Z-5e05e298,2.419832900000074,artifacts\runs\20260928T054604900545Z-5e05e298\fold_predictions.parquet,artifacts\runs\20260928T054604900545Z-5e05e298\config.json,artifacts\runs\20260928T054604900545Z-5e05e298\data_manifest.json
xgboost,1,validation,5,recursive,0.0099175999994258,0.0114666999998007,True,,0.0496891270065307,0.0026916715858502,0.0518813221289724,4.238214266910391,4.338340197127518,10.740662824555807,0.0496891270065307,forex:EUR-USD,forex,20260928T054604900545Z-5e05e298,artifacts\runs\20260928T054604900545Z-5e05e298,2.419832900000074,artifacts\runs\20260928T054604900545Z-5e05e298\fold_predictions.parquet,artifacts\runs\20260928T054604900545Z-5e05e298\config.json,artifacts\runs\20260928T054604900545Z-5e05e298\data_manifest.json
xgboost,1,validation,20,recursive,0.0099175999994258,0.0114666999998007,True,,0.0510187833023071,0.0026976252759617,0.0519386684076687,4.358415323600252,4.459035397393219,11.028077613380828,0.0510187833023071,forex:EUR-USD,forex,20260928T054604900545Z-5e05e298,artifacts\runs\20260928T054604900545Z-5e05e298,2.419832900000074,artifacts\runs\20260928T054604900545Z-5e05e298\fold_predictions.parquet,artifacts\runs\20260928T054604900545Z-5e05e298\config.json,artifacts\runs\20260928T054604900545Z-5e05e298\data_manifest.json
rnn,1,validation,1,recursive,0.0128057000001717,0.0047056000003067,True,,0.0631669455755954,0.0039900630133502,0.0631669455755954,5.446365371236027,5.598831789114058,13.653990419178966,0.0631669455755954,forex:EUR-USD,forex,20260928T054604900545Z-5e05e298,artifacts\runs\20260928T054604900545Z-5e05e298,2.419832900000074,artifacts\runs\20260928T054604900545Z-5e05e298\fold_predictions.parquet,artifacts\runs\20260928T054604900545Z-5e05e298\config.json,artifacts\runs\20260928T054604900545Z-5e05e298\data_manifest.json
rnn,1,validation,5,recursive,0.0128057000001717,0.0047056000003067,True,,0.0636385383040347,0.0040744236593751,0.0638312122662195,5.435366117132075,5.588090327912389,13.755928585369992,0.0636385383040347,forex:EUR-USD,forex,20260928T054604900545Z-5e05e298,artifacts\runs\20260928T054604900545Z-5e05e298,2.419832900000074,artifacts\runs\20260928T054604900545Z-5e05e298\fold_predictions.parquet,artifacts\runs\20260928T054604900545Z-5e05e298\config.json,artifacts\runs\20260928T054604900545Z-5e05e298\data_manifest.json
rnn,1,validation,20,recursive,0.0128057000001717,0.0047056000003067,True,,0.0612596086347658,0.0037827452332464,0.0615040261547682,5.235764913879281,5.377592064936697,13.241705796597897,0.0612596086347658,forex:EUR-USD,forex,20260928T054604900545Z-5e05e298,artifacts\runs\20260928T054604900545Z-5e05e298,2.419832900000074,artifacts\runs\20260928T054604900545Z-5e05e298\fold_predictions.parquet,artifacts\runs\20260928T054604900545Z-5e05e298\config.json,artifacts\runs\20260928T054604900545Z-5e05e298\data_manifest.json
lstm,1,validation,1,recursive,0.0130356999998184,0.0054337000001396,True,,0.0414462959285109,0.0017177954461936,0.0414462959285109,3.5735726787817645,3.6385864443157274,8.958915495464172,0.0414462959285109,forex:EUR-USD,forex,20260928T054604900545Z-5e05e298,artifacts\runs\20260928T054604900545Z-5e05e298,2.419832900000074,artifacts\runs\20260928T054604900545Z-5e05e298\fold_predictions.parquet,artifacts\runs\20260928T054604900545Z-5e05e298\config.json,artifacts\runs\20260928T054604900545Z-5e05e298\data_manifest.json
lstm,1,validation,5,recursive,0.0130356999998184,0.0054337000001396,True,,0.054365514464407,0.0030193696845414,0.0549487914748034,4.640704650421982,4.753250513893352,11.751497668070549,0.054365514464407,forex:EUR-USD,forex,20260928T054604900545Z-5e05e298,artifacts\runs\20260928T054604900545Z-5e05e298,2.419832900000074,artifacts\runs\20260928T054604900545Z-5e05e298\fold_predictions.parquet,artifacts\runs\20260928T054604900545Z-5e05e298\config.json,artifacts\runs\20260928T054604900545Z-5e05e298\data_manifest.json
lstm,1,validation,20,recursive,0.0130356999998184,0.0054337000001396,True,,0.0556212417479215,0.003129714066576,0.0559438474416629,4.753242795165733,4.870253231642139,12.022932168218889,0.0556212417479215,forex:EUR-USD,forex,20260928T054604900545Z-5e05e298,artifacts\runs\20260928T054604900545Z-5e05e298,2.419832900000074,artifacts\runs\20260928T054604900545Z-5e05e298\fold_predictions.parquet,artifacts\runs\20260928T054604900545Z-5e05e298\config.json,artifacts\runs\20260928T054604900545Z-5e05e298\data_manifest.json
gru,1,validation,1,recursive,0.0256176000002597,0.0099580999994941,True,,0.0400115857800562,0.0016009269966348,0.0400115857800562,3.4498694412878304,3.5104219279643853,8.6487925594445,0.0400115857800562,forex:EUR-USD,forex,20260928T054604900545Z-5e05e298,artifacts\runs\20260928T054604900545Z-5e05e298,2.419832900000074,artifacts\runs\20260928T054604900545Z-5e05e298\fold_predictions.parquet,artifacts\runs\20260928T054604900545Z-5e05e298\config.json,artifacts\runs\20260928T054604900545Z-5e05e298\data_manifest.json
gru,1,validation,5,recursive,0.0256176000002597,0.0099580999994941,True,,0.0569601094260643,0.0033558115896689,0.0579293672472687,4.861141511804661,4.986351819354453,12.31233806371264,0.0569601094260643,forex:EUR-USD,forex,20260928T054604900545Z-5e05e298,artifacts\runs\20260928T054604900545Z-5e05e298,2.419832900000074,artifacts\runs\20260928T054604900545Z-5e05e298\fold_predictions.parquet,artifacts\runs\20260928T054604900545Z-5e05e298\config.json,artifacts\runs\20260928T054604900545Z-5e05e298\data_manifest.json
gru,1,validation,20,recursive,0.0256176000002597,0.0099580999994941,True,,0.063745743708172,0.0041207212528534,0.0641928442496001,5.447982131361221,5.602677807468552,13.779101805914966,0.063745743708172,forex:EUR-USD,forex,20260928T054604900545Z-5e05e298,artifacts\runs\20260928T054604900545Z-5e05e298,2.419832900000074,artifacts\runs\20260928T054604900545Z-5e05e298\fold_predictions.parquet,artifacts\runs\20260928T054604900545Z-5e05e298\config.json,artifacts\runs\20260928T054604900545Z-5e05e298\data_manifest.json
last_value,2,validation,1,recursive,1.1899999663000926e-05,1.8400000044493936e-05,True,,0.0027000000000001,7.290000000000792e-06,0.0027000000000001,0.2302575473307305,0.2305229455709836,0.6129339946585614,0.0027000000000001,forex:EUR-USD,forex,20260928T054604900545Z-5e05e298,artifacts\runs\20260928T054604900545Z-5e05e298,2.419832900000074,artifacts\runs\20260928T054604900545Z-5e05e298\fold_predictions.parquet,artifacts\runs\20260928T054604900545Z-5e05e298\config.json,artifacts\runs\20260928T054604900545Z-5e05e298\data_manifest.json
last_value,2,validation,5,recursive,1.1899999663000926e-05,1.8400000044493936e-05,True,,0.0064,6.836799999999998e-05,0.0082684944215981,0.5507671240119574,0.5488956506946677,1.4528805799313371,-0.0020399999999999,forex:EUR-USD,forex,20260928T054604900545Z-5e05e298,artifacts\runs\20260928T054604900545Z-5e05e298,2.419832900000074,artifacts\runs\20260928T054604900545Z-5e05e298\fold_predictions.parquet,artifacts\runs\20260928T054604900545Z-5e05e298\config.json,artifacts\runs\20260928T054604900545Z-5e05e298\data_manifest.json
last_value,2,validation,20,recursive,1.1899999663000926e-05,1.8400000044493936e-05,True,,0.0088699999999999,0.0001434089999999,0.011975349681742,0.7685078008263109,0.7632975941505143,2.0136016787485618,-0.0076599999999999,forex:EUR-USD,forex,20260928T054604900545Z-5e05e298,artifacts\runs\20260928T054604900545Z-5e05e298,2.419832900000074,artifacts\runs\20260928T054604900545Z-5e05e298\fold_predictions.parquet,artifacts\runs\20260928T054604900545Z-5e05e298\config.json,artifacts\runs\20260928T054604900545Z-5e05e298\data_manifest.json
drift,2,validation,1,recursive,1.0200000360782724e-05,1.0600000678095968e-05,True,,0.0016025210084034,2.56807358237429e-06,0.0016025210084034,0.136663909978118,0.1367573589550834,0.3637924456314504,0.0016025210084034,forex:EUR-USD,forex,20260928T054604900545Z-5e05e298,artifacts\runs\20260928T054604900545Z-5e05e298,2.419832900000074,artifacts\runs\20260928T054604900545Z-5e05e298\fold_predictions.parquet,artifacts\runs\20260928T054604900545Z-5e05e298\config.json,artifacts\runs\20260928T054604900545Z-5e05e298\data_manifest.json
drift,2,validation,5,recursive,1.0200000360782724e-05,1.0600000678095968e-05,True,,0.0073754621848739,0.00011647299428,0.0107922654841355,0.6360745043599869,0.6319649670119861,1.6743227775658114,-0.0053324369747898,forex:EUR-USD,forex,20260928T054604900545Z-5e05e298,artifacts\runs\20260928T054604900545Z-5e05e298,2.419832900000074,artifacts\runs\20260928T054604900545Z-5e05e298\fold_predictions.parquet,artifacts\runs\20260928T054604900545Z-5e05e298\config.json,artifacts\runs\20260928T054604900545Z-5e05e298\data_manifest.json
drift,2,validation,20,recursive,1.0200000360782724e-05,1.0600000678095968e-05,True,,0.0196942857142856,0.0004758115002471,0.0218131038655014,1.6998168069570547,1.682276438182572,4.470850820297586,-0.0191835294117646,forex:EUR-USD,forex,20260928T054604900545Z-5e05e298,artifacts\runs\20260928T054604900545Z-5e05e298,2.419832900000074,artifacts\runs\20260928T054604900545Z-5e05e298\fold_predictions.parquet,artifacts\runs\20260928T054604900545Z-5e05e298\config.json,artifacts\runs\20260928T054604900545Z-5e05e298\data_manifest.json
seasonal_naive,2,validation,1,recursive,1.0199999451288022e-05,3.899999956047395e-05,True,,0.0124000000000001,0.00015376,0.0124000000000001,1.05747910625961,1.0631001371742277,2.8149561236169864,0.0124000000000001,forex:EUR-USD,forex,20260928T054604900545Z-5e05e298,artifacts\runs\20260928T054604900545Z-5e05e298,2.419832900000074,artifacts\runs\20260928T054604900545Z-5e05e298\fold_predictions.parquet,artifacts\runs\20260928T054604900545Z-5e05e298\config.json,artifacts\runs\20260928T054604900545Z-5e05e298\data_manifest.json
seasonal_naive,2,validation,5,recursive,1.0199999451288022e-05,3.899999956047395e-05,True,,0.01108,0.000159812,0.0126416771039289,0.9490349595121956,0.950773532869754,2.515299504006123,0.00392,forex:EUR-USD,forex,20260928T054604900545Z-5e05e298,artifacts\runs\20260928T054604900545Z-5e05e298,2.419832900000074,artifacts\runs\20260928T054604900545Z-5e05e298\fold_predictions.parquet,artifacts\runs\20260928T054604900545Z-5e05e298\config.json,artifacts\runs\20260928T054604900545Z-5e05e298\data_manifest.json
seasonal_naive,2,validation,20,recursive,1.0199999451288022e-05,3.899999956047395e-05,True,,0.00875,0.0001191489999999,0.0109155393820003,0.7548481570225913,0.753405449730497,1.9863601678748624,-0.0016999999999999,forex:EUR-USD,forex,20260928T054604900545Z-5e05e298,artifacts\runs\20260928T054604900545Z-5e05e298,2.419832900000074,artifacts\runs\20260928T054604900545Z-5e05e298\fold_predictions.parquet,artifacts\runs\20260928T054604900545Z-5e05e298\config.json,artifacts\runs\20260928T054604900545Z-5e05e298\data_manifest.json
exponential_smoothing,2,validation,1,recursive,0.0134110999997574,0.0011158000006616,True,,0.0016128514099573,2.601289670601483e-06,0.0016128514099573,0.1375448925428425,0.137639550628847,0.3661375768503005,0.0016128514099573,forex:EUR-USD,forex,20260928T054604900545Z-5e05e298,artifacts\runs\20260928T054604900545Z-5e05e298,2.419832900000074,artifacts\runs\20260928T054604900545Z-5e05e298\fold_predictions.parquet,artifacts\runs\20260928T054604900545Z-5e05e298\config.json,artifacts\runs\20260928T054604900545Z-5e05e298\data_manifest.json
exponential_smoothing,2,validation,5,recursive,0.0134110999997574,0.0011158000006616,True,,0.0073740745626154,0.0001163820953827,0.0107880533639167,0.6359522894032752,0.6318476116701907,1.674007769842111,-0.0053229546458012,forex:EUR-USD,forex,20260928T054604900545Z-5e05e298,artifacts\runs\20260928T054604900545Z-5e05e298,2.419832900000074,artifacts\runs\20260928T054604900545Z-5e05e298\fold_predictions.parquet,artifacts\runs\20260928T054604900545Z-5e05e298\config.json,artifacts\runs\20260928T054604900545Z-5e05e298\data_manifest.json
exponential_smoothing,2,validation,20,recursive,0.0134110999997574,0.0011158000006616,True,,0.0196900073340994,0.0004755941418794,0.0218081210075377,1.6994466542395614,1.6819146647954042,4.469879574127894,-0.0191772273548959,forex:EUR-USD,forex,20260928T054604900545Z-5e05e298,artifacts\runs\20260928T054604900545Z-5e05e298,2.419832900000074,artifacts\runs\20260928T054604900545Z-5e05e298\fold_predictions.parquet,artifacts\runs\20260928T054604900545Z-5e05e298\config.json,artifacts\runs\20260928T054604900545Z-5e05e298\data_manifest.json
holt_winters,2,validation,1,recursive,0.072190099999716,0.00143079999998,True,,0.0004612108382755,2.127154373428353e-07,0.0004612108382755,0.0393323246013602,0.039340061281661,0.1047006672163115,0.0004612108382755,forex:EUR-USD,forex,20260928T054604900545Z-5e05e298,artifacts\runs\20260928T054604900545Z-5e05e298,2.419832900000074,artifacts\runs\20260928T054604900545Z-5e05e298\fold_predictions.parquet,artifacts\runs\20260928T054604900545Z-5e05e298\config.json,artifacts\runs\20260928T054604900545Z-5e05e298\data_manifest.json
holt_winters,2,validation,5,recursive,0.072190099999716,0.00143079999998,True,,0.007005471007208,0.0001147496927768,0.0107121283028555,0.6044574776642246,0.6004117834935888,1.590330121819467,-0.0051679161596349,forex:EUR-USD,forex,20260928T054604900545Z-5e05e298,artifacts\runs\20260928T054604900545Z-5e05e298,2.419832900000074,artifacts\runs\20260928T054604900545Z-5e05e298\fold_predictions.parquet,artifacts\runs\20260928T054604900545Z-5e05e298\config.json,artifacts\runs\20260928T054604900545Z-5e05e298\data_manifest.json
holt_winters,2,validation,20,recursive,0.072190099999716,0.00143079999998,True,,0.0195499053620385,0.000471377460023,0.0217112288925122,1.6873875091118269,1.6700121783254225,4.438074662500166,-0.0190905166501452,forex:EUR-USD,forex,20260928T054604900545Z-5e05e298,artifacts\runs\20260928T054604900545Z-5e05e298,2.419832900000074,artifacts\runs\20260928T054604900545Z-5e05e298\fold_predictions.parquet,artifacts\runs\20260928T054604900545Z-5e05e298\config.json,artifacts\runs\20260928T054604900545Z-5e05e298\data_manifest.json
arima,2,validation,1,recursive,0.0108623999994961,0.001249099999768,True,1.0,0.0026508375491103,7.02693971177326e-06,0.0026508375491103,0.2260649453445616,0.2263207612972265,0.6017734993211172,0.0026508375491103,forex:EUR-USD,forex,20260928T054604900545Z-5e05e298,artifacts\runs\20260928T054604900545Z-5e05e298,2.419832900000074,artifacts\runs\20260928T054604900545Z-5e05e298\fold_predictions.parquet,artifacts\runs\20260928T054604900545Z-5e05e298\config.json,artifacts\runs\20260928T054604900545Z-5e05e298\data_manifest.json
arima,2,validation,5,recursive,0.0108623999994961,0.001249099999768,True,1.0,0.0063901699024409,6.85750454979464e-05,0.0082810051019152,0.5499503476315999,0.5480553773812964,1.4506490240184535,-0.0020897737216772,forex:EUR-USD,forex,20260928T054604900545Z-5e05e298,artifacts\runs\20260928T054604900545Z-5e05e298,2.419832900000074,artifacts\runs\20260928T054604900545Z-5e05e298\fold_predictions.parquet,artifacts\runs\20260928T054604900545Z-5e05e298\config.json,artifacts\runs\20260928T054604900545Z-5e05e298\data_manifest.json
arima,2,validation,20,recursive,0.0108623999994961,0.001249099999768,True,1.0,0.0088999966711242,0.0001441766233943,0.0120073570528399,0.7711046289551516,0.7658614660753663,2.020411300770288,-0.0077098905790893,forex:EUR-USD,forex,20260928T054604900545Z-5e05e298,artifacts\runs\20260928T054604900545Z-5e05e298,2.419832900000074,artifacts\runs\20260928T054604900545Z-5e05e298\fold_predictions.parquet,artifacts\runs\20260928T054604900545Z-5e05e298\config.json,artifacts\runs\20260928T054604900545Z-5e05e298\data_manifest.json
sarima,2,validation,1,recursive,0.0218151999997644,0.0015278999999281,True,1.0,0.0034967755044512,1.2227438928530408e-05,0.0034967755044512,0.2982070189707714,0.298652320061142,0.7938120660620015,0.0034967755044512,forex:EUR-USD,forex,20260928T054604900545Z-5e05e298,artifacts\runs\20260928T054604900545Z-5e05e298,2.419832900000074,artifacts\runs\20260928T054604900545Z-5e05e298\fold_predictions.parquet,artifacts\runs\20260928T054604900545Z-5e05e298\config.json,artifacts\runs\20260928T054604900545Z-5e05e298\data_manifest.json
sarima,2,validation,5,recursive,0.0218151999997644,0.0015278999999281,True,1.0,0.0069295309221454,7.589427832932308e-05,0.0087117322232333,0.5960336129212767,0.5941697123835674,1.5730907663779388,-0.0017491731617158,forex:EUR-USD,forex,20260928T054604900545Z-5e05e298,artifacts\runs\20260928T054604900545Z-5e05e298,2.419832900000074,artifacts\runs\20260928T054604900545Z-5e05e298\fold_predictions.parquet,artifacts\runs\20260928T054604900545Z-5e05e298\config.json,artifacts\runs\20260928T054604900545Z-5e05e298\data_manifest.json
sarima,2,validation,20,recursive,0.0218151999997644,0.0015278999999281,True,1.0,0.0093549153468901,0.0001526596372657,0.0123555508685673,0.8102277855727072,0.8047415914687984,2.1236835678747235,-0.0079989739474663,forex:EUR-USD,forex,20260928T054604900545Z-5e05e298,artifacts\runs\20260928T054604900545Z-5e05e298,2.419832900000074,artifacts\runs\20260928T054604900545Z-5e05e298\fold_predictions.parquet,artifacts\runs\20260928T054604900545Z-5e05e298\config.json,artifacts\runs\20260928T054604900545Z-5e05e298\data_manifest.json
ridge,2,validation,1,recursive,0.0025300000006609,0.012399600000208,True,,0.0041352902394773,1.710062536471656e-05,0.0041352902394773,0.3526599214973,0.3532828650345472,0.9387629502056546,0.0041352902394773,forex:EUR-USD,forex,20260928T054604900545Z-5e05e298,artifacts\runs\20260928T054604900545Z-5e05e298,2.419832900000074,artifacts\runs\20260928T054604900545Z-5e05e298\fold_predictions.parquet,artifacts\runs\20260928T054604900545Z-5e05e298\config.json,artifacts\runs\20260928T054604900545Z-5e05e298\data_manifest.json
ridge,2,validation,5,recursive,0.0025300000006609,0.012399600000208,True,,0.0070870376607877,7.247156780902359e-05,0.0085130234234978,0.6090057201860614,0.6076748866625359,1.6088467791563117,-0.0006935083544881,forex:EUR-USD,forex,20260928T054604900545Z-5e05e298,artifacts\runs\20260928T054604900545Z-5e05e298,2.419832900000074,artifacts\runs\20260928T054604900545Z-5e05e298\fold_predictions.parquet,artifacts\runs\20260928T054604900545Z-5e05e298\config.json,artifacts\runs\20260928T054604900545Z-5e05e298\data_manifest.json
ridge,2,validation,20,recursive,0.0025300000006609,0.012399600000208,True,,0.0086997155489679,0.0001346909667275,0.0116056437446413,0.7534567135787875,0.7487485339381551,1.9749449643784565,-0.0069502837536877,forex:EUR-USD,forex,20260928T054604900545Z-5e05e298,artifacts\runs\20260928T054604900545Z-5e05e298,2.419832900000074,artifacts\runs\20260928T054604900545Z-5e05e298\fold_predictions.parquet,artifacts\runs\20260928T054604900545Z-5e05e298\config.json,artifacts\runs\20260928T054604900545Z-5e05e298\data_manifest.json
lasso,2,validation,1,recursive,0.0021932999998171,0.0118454999992536,True,,0.0155214267316521,0.000240914687786,0.0155214267316521,1.3236761667791344,1.3324951269888572,3.5235592923819268,0.0155214267316521,forex:EUR-USD,forex,20260928T054604900545Z-5e05e298,artifacts\runs\20260928T054604900545Z-5e05e298,2.419832900000074,artifacts\runs\20260928T054604900545Z-5e05e298\fold_predictions.parquet,artifacts\runs\20260928T054604900545Z-5e05e298\config.json,artifacts\runs\20260928T054604900545Z-5e05e298\data_manifest.json
lasso,2,validation,5,recursive,0.0021932999998171,0.0118454999992536,True,,0.0249197192420767,0.0006559379181907,0.0256112849773452,2.1330303068187386,2.157323082914874,5.657090022524096,0.0249197192420767,forex:EUR-USD,forex,20260928T054604900545Z-5e05e298,artifacts\runs\20260928T054604900545Z-5e05e298,2.419832900000074,artifacts\runs\20260928T054604900545Z-5e05e298\fold_predictions.parquet,artifacts\runs\20260928T054604900545Z-5e05e298\config.json,artifacts\runs\20260928T054604900545Z-5e05e298\data_manifest.json
lasso,2,validation,20,recursive,0.0021932999998171,0.0118454999992536,True,,0.0328115847071259,0.0011876373956253,0.0344621153678261,2.8190717053783554,2.8635554152323373,7.448642846524216,0.0328115847071259,forex:EUR-USD,forex,20260928T054604900545Z-5e05e298,artifacts\runs\20260928T054604900545Z-5e05e298,2.419832900000074,artifacts\runs\20260928T054604900545Z-5e05e298\fold_predictions.parquet,artifacts\runs\20260928T054604900545Z-5e05e298\config.json,artifacts\runs\20260928T054604900545Z-5e05e298\data_manifest.json
random_forest,2,validation,1,recursive,0.0218378999998094,0.0398485000005166,True,,0.0033500032675657,1.122252189270112e-05,0.0033500032675657,0.2856901984961399,0.2860988767205391,0.7604929203363664,0.0033500032675657,forex:EUR-USD,forex,20260928T054604900545Z-5e05e298,artifacts\runs\20260928T054604900545Z-5e05e298,2.419832900000074,artifacts\runs\20260928T054604900545Z-5e05e298\fold_predictions.parquet,artifacts\runs\20260928T054604900545Z-5e05e298\config.json,artifacts\runs\20260928T054604900545Z-5e05e298\data_manifest.json
random_forest,2,validation,5,recursive,0.0218378999998094,0.0398485000005166,True,,0.0067340450979576,7.541758263860376e-05,0.0086843297172898,0.5796535700853824,0.5774451103161456,1.5287130230006798,-0.0024401300657675,forex:EUR-USD,forex,20260928T054604900545Z-5e05e298,artifacts\runs\20260928T054604900545Z-5e05e298,2.419832900000074,artifacts\runs\20260928T054604900545Z-5e05e298\fold_predictions.parquet,artifacts\runs\20260928T054604900545Z-5e05e298\config.json,artifacts\runs\20260928T054604900545Z-5e05e298\data_manifest.json
random_forest,2,validation,20,recursive,0.0218378999998094,0.0398485000005166,True,,0.009550028595016,0.000158926432771,0.0126066027450316,0.827212995446614,0.821401774560664,2.1679767317949565,-0.0084483217324342,forex:EUR-USD,forex,20260928T054604900545Z-5e05e298,artifacts\runs\20260928T054604900545Z-5e05e298,2.419832900000074,artifacts\runs\20260928T054604900545Z-5e05e298\fold_predictions.parquet,artifacts\runs\20260928T054604900545Z-5e05e298\config.json,artifacts\runs\20260928T054604900545Z-5e05e298\data_manifest.json
xgboost,2,validation,1,recursive,0.0158406999998987,0.0140158000003793,True,,0.0210914302825928,0.0004448484313654,0.0210914302825928,1.7986892616913577,1.8150124789701547,4.788020228211662,0.0210914302825928,forex:EUR-USD,forex,20260928T054604900545Z-5e05e298,artifacts\runs\20260928T054604900545Z-5e05e298,2.419832900000074,artifacts\runs\20260928T054604900545Z-5e05e298\fold_predictions.parquet,artifacts\runs\20260928T054604900545Z-5e05e298\config.json,artifacts\runs\20260928T054604900545Z-5e05e298\data_manifest.json
xgboost,2,validation,5,recursive,0.0158406999998987,0.0140158000003793,True,,0.0202486919021606,0.0004597308116999,0.0214413341865646,1.7298912309521692,1.746803998481549,4.596708005259679,0.0202486919021606,forex:EUR-USD,forex,20260928T054604900545Z-5e05e298,artifacts\runs\20260928T054604900545Z-5e05e298,2.419832900000074,artifacts\runs\20260928T054604900545Z-5e05e298\fold_predictions.parquet,artifacts\runs\20260928T054604900545Z-5e05e298\config.json,artifacts\runs\20260928T054604900545Z-5e05e298\data_manifest.json
xgboost,2,validation,20,recursive,0.0158406999998987,0.0140158000003793,True,,0.0168216209316253,0.0003396530479793,0.0184296784556685,1.4424839126354316,1.454925868828833,3.8187197460195015,0.0161383762264252,forex:EUR-USD,forex,20260928T054604900545Z-5e05e298,artifacts\runs\20260928T054604900545Z-5e05e298,2.419832900000074,artifacts\runs\20260928T054604900545Z-5e05e298\fold_predictions.parquet,artifacts\runs\20260928T054604900545Z-5e05e298\config.json,artifacts\runs\20260928T054604900545Z-5e05e298\data_manifest.json
rnn,2,validation,1,recursive,0.0189637999992555,0.0048965999994834,True,,0.0623690140675821,0.0038898939157622,0.0623690140675821,5.318865262457965,5.464181487978848,14.15855145753964,0.0623690140675821,forex:EUR-USD,forex,20260928T054604900545Z-5e05e298,artifacts\runs\20260928T054604900545Z-5e05e298,2.419832900000074,artifacts\runs\20260928T054604900545Z-5e05e298\fold_predictions.parquet,artifacts\runs\20260928T054604900545Z-5e05e298\config.json,artifacts\runs\20260928T054604900545Z-5e05e298\data_manifest.json
rnn,2,validation,5,recursive,0.0189637999992555,0.0048965999994834,True,,0.049501052097487,0.002542561516109,0.0504238189361841,4.233714343543304,4.328683004554732,11.237362074782451,0.049501052097487,forex:EUR-USD,forex,20260928T054604900545Z-5e05e298,artifacts\runs\20260928T054604900545Z-5e05e298,2.419832900000074,artifacts\runs\20260928T054604900545Z-5e05e298\fold_predictions.parquet,artifacts\runs\20260928T054604900545Z-5e05e298\config.json,artifacts\runs\20260928T054604900545Z-5e05e298\data_manifest.json
rnn,2,validation,20,recursive,0.0189637999992555,0.0048965999994834,True,,0.0428154419484005,0.0019293446355752,0.0439243057494964,3.67755304463608,3.749985493208737,9.719644395001282,0.0428154419484005,forex:EUR-USD,forex,20260928T054604900545Z-5e05e298,artifacts\runs\20260928T054604900545Z-5e05e298,2.419832900000074,artifacts\runs\20260928T054604900545Z-5e05e298\fold_predictions.parquet,artifacts\runs\20260928T054604900545Z-5e05e298\config.json,artifacts\runs\20260928T054604900545Z-5e05e298\data_manifest.json
lstm,2,validation,1,recursive,0.0156712999996671,0.0058955000004061,True,,0.0389814625196267,0.001519554420169,0.0389814625196267,3.324361463382803,3.380552353222813,8.849282792513524,0.0389814625196267,forex:EUR-USD,forex,20260928T054604900545Z-5e05e298,artifacts\runs\20260928T054604900545Z-5e05e298,2.419832900000074,artifacts\runs\20260928T054604900545Z-5e05e298\fold_predictions.parquet,artifacts\runs\20260928T054604900545Z-5e05e298\config.json,artifacts\runs\20260928T054604900545Z-5e05e298\data_manifest.json
lstm,2,validation,5,recursive,0.0156712999996671,0.0058955000004061,True,,0.0368173134062684,0.0014030960166887,0.0374579232831817,3.148660189811864,3.200740851070184,8.357993695814473,0.0368173134062684,forex:EUR-USD,forex,20260928T054604900545Z-5e05e298,artifacts\runs\20260928T054604900545Z-5e05e298,2.419832900000074,artifacts\runs\20260928T054604900545Z-5e05e298\fold_predictions.parquet,artifacts\runs\20260928T054604900545Z-5e05e298\config.json,artifacts\runs\20260928T054604900545Z-5e05e298\data_manifest.json
lstm,2,validation,20,recursive,0.0156712999996671,0.0058955000004061,True,,0.0345518300819443,0.0012760982394194,0.0357225172603984,2.9670104649918967,3.014724637602778,7.843700457366246,0.0345518300819443,forex:EUR-USD,forex,20260928T054604900545Z-5e05e298,artifacts\runs\20260928T054604900545Z-5e05e298,2.419832900000074,artifacts\runs\20260928T054604900545Z-5e05e298\fold_predictions.parquet,artifacts\runs\20260928T054604900545Z-5e05e298\config.json,artifacts\runs\20260928T054604900545Z-5e05e298\data_manifest.json
gru,2,validation,1,recursive,0.0318545000000085,0.0081463999995321,True,,0.0357490292605691,0.001277993093073,0.0357490292605691,3.048697702589895,3.0958898641717534,8.115479744387121,0.0357490292605691,forex:EUR-USD,forex,20260928T054604900545Z-5e05e298,artifacts\runs\20260928T054604900545Z-5e05e298,2.419832900000074,artifacts\runs\20260928T054604900545Z-5e05e298\fold_predictions.parquet,artifacts\runs\20260928T054604900545Z-5e05e298\config.json,artifacts\runs\20260928T054604900545Z-5e05e298\data_manifest.json
gru,2,validation,5,recursive,0.0318545000000085,0.0081463999995321,True,,0.0369651988626924,0.0013972590086877,0.0373799278849996,3.162379708882352,3.214287065953383,8.391565556391468,0.0369651988626924,forex:EUR-USD,forex,20260928T054604900545Z-5e05e298,artifacts\runs\20260928T054604900545Z-5e05e298,2.419832900000074,artifacts\runs\20260928T054604900545Z-5e05e298\fold_predictions.parquet,artifacts\runs\20260928T054604900545Z-5e05e298\config.json,artifacts\runs\20260928T054604900545Z-5e05e298\data_manifest.json
gru,2,validation,20,recursive,0.0318545000000085,0.0081463999995321,True,,0.0393561536909226,0.0016406731767754,0.0405052240677103,3.3808884744767584,3.442441089406967,8.93434240598969,0.0393561536909226,forex:EUR-USD,forex,20260928T054604900545Z-5e05e298,artifacts\runs\20260928T054604900545Z-5e05e298,2.419832900000074,artifacts\runs\20260928T054604900545Z-5e05e298\fold_predictions.parquet,artifacts\runs\20260928T054604900545Z-5e05e298\config.json,artifacts\runs\20260928T054604900545Z-5e05e298\data_manifest.json
last_value,3,validation,1,recursive,7.999999979801942e-06,5.4000001910026185e-06,True,,0.0030999999999998,9.60999999999926e-06,0.0030999999999998,0.2660715818384585,0.265718081686871,0.7032805614492965,-0.0030999999999998,forex:EUR-USD,forex,20260928T054604900545Z-5e05e298,artifacts\runs\20260928T054604900545Z-5e05e298,2.419832900000074,artifacts\runs\20260928T054604900545Z-5e05e298\fold_predictions.parquet,artifacts\runs\20260928T054604900545Z-5e05e298\config.json,artifacts\runs\20260928T054604900545Z-5e05e298\data_manifest.json
last_value,3,validation,5,recursive,7.999999979801942e-06,5.4000001910026185e-06,True,,0.0037799999999999,1.837399999999933e-05,0.0042864904059147,0.3248619216592494,0.3242166325140646,0.8575485555736775,-0.0031799999999999,forex:EUR-USD,forex,20260928T054604900545Z-5e05e298,artifacts\runs\20260928T054604900545Z-5e05e298,2.419832900000074,artifacts\runs\20260928T054604900545Z-5e05e298\fold_predictions.parquet,artifacts\runs\20260928T054604900545Z-5e05e298\config.json,artifacts\runs\20260928T054604900545Z-5e05e298\data_manifest.json
last_value,3,validation,20,recursive,7.999999979801942e-06,5.4000001910026185e-06,True,,0.004185,2.6483500000000262e-05,0.0051462121992782,0.3578447514242042,0.35804071070833,0.9494287579565908,0.0002550000000001,forex:EUR-USD,forex,20260928T054604900545Z-5e05e298,artifacts\runs\20260928T054604900545Z-5e05e298,2.419832900000074,artifacts\runs\20260928T054604900545Z-5e05e298\fold_predictions.parquet,artifacts\runs\20260928T054604900545Z-5e05e298\config.json,artifacts\runs\20260928T054604900545Z-5e05e298\data_manifest.json
drift,3,validation,1,recursive,1.0199999451288022e-05,2.0799999219889287e-05,True,,0.0040273381294961,1.6219452409293813e-05,0.0040273381294961,0.3456645892623966,0.3450681999743383,0.9136608454381756,-0.0040273381294961,forex:EUR-USD,forex,20260928T054604900545Z-5e05e298,artifacts\runs\20260928T054604900545Z-5e05e298,2.419832900000074,artifacts\runs\20260928T054604900545Z-5e05e298\fold_predictions.parquet,artifacts\runs\20260928T054604900545Z-5e05e298\config.json,artifacts\runs\20260928T054604900545Z-5e05e298\data_manifest.json
drift,3,validation,5,recursive,1.0199999451288022e-05,2.0799999219889287e-05,True,,0.005962014388489,4.300476786915624e-05,0.0065578020608399,0.5122709180052807,0.5106867981510524,1.3525705891953397,-0.005962014388489,forex:EUR-USD,forex,20260928T054604900545Z-5e05e298,artifacts\runs\20260928T054604900545Z-5e05e298,2.419832900000074,artifacts\runs\20260928T054604900545Z-5e05e298\fold_predictions.parquet,artifacts\runs\20260928T054604900545Z-5e05e298\config.json,artifacts\runs\20260928T054604900545Z-5e05e298\data_manifest.json
drift,3,validation,20,recursive,1.0199999451288022e-05,2.0799999219889287e-05,True,,0.0094820503597121,0.0001036593811655,0.0101813251183511,0.8119424159205064,0.808157754288812,2.151142484086805,-0.0094820503597121,forex:EUR-USD,forex,20260928T054604900545Z-5e05e298,artifacts\runs\20260928T054604900545Z-5e05e298,2.419832900000074,artifacts\runs\20260928T054604900545Z-5e05e298\fold_predictions.parquet,artifacts\runs\20260928T054604900545Z-5e05e298\config.json,artifacts\runs\20260928T054604900545Z-5e05e298\data_manifest.json
seasonal_naive,3,validation,1,recursive,8.50000014906982e-06,2.9300000278453808e-05,True,,0.006,3.600000000000006e-05,0.006,0.5149772551712304,0.5136546528550643,1.361188183450305,-0.006,forex:EUR-USD,forex,20260928T054604900545Z-5e05e298,artifacts\runs\20260928T054604900545Z-5e05e298,2.419832900000074,artifacts\runs\20260928T054604900545Z-5e05e298\fold_predictions.parquet,artifacts\runs\20260928T054604900545Z-5e05e298\config.json,artifacts\runs\20260928T054604900545Z-5e05e298\data_manifest.json
seasonal_naive,3,validation,5,recursive,8.50000014906982e-06,2.9300000278453808e-05,True,,0.00482,2.7706000000000144e-05,0.0052636489244629,0.4141162011058124,0.4131792007009816,1.093487840705078,-0.00386,forex:EUR-USD,forex,20260928T054604900545Z-5e05e298,artifacts\runs\20260928T054604900545Z-5e05e298,2.419832900000074,artifacts\runs\20260928T054604900545Z-5e05e298\fold_predictions.parquet,artifacts\runs\20260928T054604900545Z-5e05e298\config.json,artifacts\runs\20260928T054604900545Z-5e05e298\data_manifest.json
seasonal_naive,3,validation,20,recursive,8.50000014906982e-06,2.9300000278453808e-05,True,,0.004825,3.465550000000047e-05,0.0058868922191594,0.4128072092866026,0.4127883021645761,1.0946221641912888,-0.0004249999999999,forex:EUR-USD,forex,20260928T054604900545Z-5e05e298,artifacts\runs\20260928T054604900545Z-5e05e298,2.419832900000074,artifacts\runs\20260928T054604900545Z-5e05e298\fold_predictions.parquet,artifacts\runs\20260928T054604900545Z-5e05e298\config.json,artifacts\runs\20260928T054604900545Z-5e05e298\data_manifest.json
exponential_smoothing,3,validation,1,recursive,0.0132887999998274,0.001667699999416,True,,0.0040279778604164,1.6224605644004846e-05,0.0040279778604164,0.3457194970746219,0.3451229184656176,0.9138059777997116,-0.0040279778604164,forex:EUR-USD,forex,20260928T054604900545Z-5e05e298,artifacts\runs\20260928T054604900545Z-5e05e298,2.419832900000074,artifacts\runs\20260928T054604900545Z-5e05e298\fold_predictions.parquet,artifacts\runs\20260928T054604900545Z-5e05e298\config.json,artifacts\runs\20260928T054604900545Z-5e05e298\data_manifest.json
exponential_smoothing,3,validation,5,recursive,0.0132887999998274,0.001667699999416,True,,0.0059635305300295,4.30232826067745e-05,0.0065592135661811,0.5124010136766105,0.5108162139431844,1.352914548186889,-0.0059635305300295,forex:EUR-USD,forex,20260928T054604900545Z-5e05e298,artifacts\runs\20260928T054604900545Z-5e05e298,2.419832900000074,artifacts\runs\20260928T054604900545Z-5e05e298\fold_predictions.parquet,artifacts\runs\20260928T054604900545Z-5e05e298\config.json,artifacts\runs\20260928T054604900545Z-5e05e298\data_manifest.json
exponential_smoothing,3,validation,20,recursive,0.0132887999998274,0.001667699999416,True,,0.0094868530410785,0.0001037580144427,0.0101861677996562,0.8123527397079845,0.8085644989022259,2.1522320429409443,-0.0094868530410785,forex:EUR-USD,forex,20260928T054604900545Z-5e05e298,artifacts\runs\20260928T054604900545Z-5e05e298,2.419832900000074,artifacts\runs\20260928T054604900545Z-5e05e298\fold_predictions.parquet,artifacts\runs\20260928T054604900545Z-5e05e298\config.json,artifacts\runs\20260928T054604900545Z-5e05e298\data_manifest.json
holt_winters,3,validation,1,recursive,0.0682005999997272,0.0016978999992716,True,,0.0056885460701274,3.235955639196275e-05,0.0056885460701274,0.4882453068515557,0.4870562921075854,1.2905302819450306,-0.0056885460701274,forex:EUR-USD,forex,20260928T054604900545Z-5e05e298,artifacts\runs\20260928T054604900545Z-5e05e298,2.419832900000074,artifacts\runs\20260928T054604900545Z-5e05e298\fold_predictions.parquet,artifacts\runs\20260928T054604900545Z-5e05e298\config.json,artifacts\runs\20260928T054604900545Z-5e05e298\data_manifest.json
holt_winters,3,validation,5,recursive,0.0682005999997272,0.0016978999992716,True,,0.0062498005829857,4.47901580598547e-05,0.0066925449613622,0.5369362869377355,0.5352869681986792,1.417859117080174,-0.0062498005829857,forex:EUR-USD,forex,20260928T054604900545Z-5e05e298,artifacts\runs\20260928T054604900545Z-5e05e298,2.419832900000074,artifacts\runs\20260928T054604900545Z-5e05e298\fold_predictions.parquet,artifacts\runs\20260928T054604900545Z-5e05e298\config.json,artifacts\runs\20260928T054604900545Z-5e05e298\data_manifest.json
holt_winters,3,validation,20,recursive,0.0682005999997272,0.0016978999992716,True,,0.009858430040841,0.0001125157735423,0.0106073452636528,0.8442141394089723,0.8401063604680613,2.2365297464940577,-0.009858430040841,forex:EUR-USD,forex,20260928T054604900545Z-5e05e298,artifacts\runs\20260928T054604900545Z-5e05e298,2.419832900000074,artifacts\runs\20260928T054604900545Z-5e05e298\fold_predictions.parquet,artifacts\runs\20260928T054604900545Z-5e05e298\config.json,artifacts\runs\20260928T054604900545Z-5e05e298\data_manifest.json
arima,3,validation,1,recursive,0.0173585000002276,0.0012397999998938,True,1.0,0.0031182237017308,9.723319054036176e-06,0.0031182237017308,0.267635713821206,0.2672780480652925,0.7074148760251211,-0.0031182237017308,forex:EUR-USD,forex,20260928T054604900545Z-5e05e298,artifacts\runs\20260928T054604900545Z-5e05e298,2.419832900000074,artifacts\runs\20260928T054604900545Z-5e05e298\fold_predictions.parquet,artifacts\runs\20260928T054604900545Z-5e05e298\config.json,artifacts\runs\20260928T054604900545Z-5e05e298\data_manifest.json
arima,3,validation,5,recursive,0.0173585000002276,0.0012397999998938,True,1.0,0.0037910833174784,1.8492160656286318e-05,0.0043002512317638,0.3258158282351406,0.3251653715903493,0.8600629690378813,-0.0031985234488737,forex:EUR-USD,forex,20260928T054604900545Z-5e05e298,artifacts\runs\20260928T054604900545Z-5e05e298,2.419832900000074,artifacts\runs\20260928T054604900545Z-5e05e298\fold_predictions.parquet,artifacts\runs\20260928T054604900545Z-5e05e298\config.json,artifacts\runs\20260928T054604900545Z-5e05e298\data_manifest.json
arima,3,validation,20,recursive,0.0173585000002276,0.0012397999998938,True,1.0,0.0041849807796273,2.6474238946931595e-05,0.0051453123274424,0.357848799393245,0.3580390670034286,0.9494243975325636,0.0002364188890705,forex:EUR-USD,forex,20260928T054604900545Z-5e05e298,artifacts\runs\20260928T054604900545Z-5e05e298,2.419832900000074,artifacts\runs\20260928T054604900545Z-5e05e298\fold_predictions.parquet,artifacts\runs\20260928T054604900545Z-5e05e298\config.json,artifacts\runs\20260928T054604900545Z-5e05e298\data_manifest.json
sarima,3,validation,1,recursive,0.0199385999994774,0.0016229999991992,True,1.0,0.0039306541909807,1.545004236907421e-05,0.0039306541909807,0.3373662510497561,0.3367981294383103,0.8917266729987258,-0.0039306541909807,forex:EUR-USD,forex,20260928T054604900545Z-5e05e298,artifacts\runs\20260928T054604900545Z-5e05e298,2.419832900000074,artifacts\runs\20260928T054604900545Z-5e05e298\fold_predictions.parquet,artifacts\runs\20260928T054604900545Z-5e05e298\config.json,artifacts\runs\20260928T054604900545Z-5e05e298\data_manifest.json
sarima,3,validation,5,recursive,0.0199385999994774,0.0016229999991992,True,1.0,0.0042245666621421,2.324326021182018e-05,0.0048211264463629,0.3631041263413027,0.3622600709641016,0.9584050367843208,-0.0038397524973539,forex:EUR-USD,forex,20260928T054604900545Z-5e05e298,artifacts\runs\20260928T054604900545Z-5e05e298,2.419832900000074,artifacts\runs\20260928T054604900545Z-5e05e298\fold_predictions.parquet,artifacts\runs\20260928T054604900545Z-5e05e298\config.json,artifacts\runs\20260928T054604900545Z-5e05e298\data_manifest.json
sarima,3,validation,20,recursive,0.0199385999994774,0.0016229999991992,True,1.0,0.0042342989179041,2.6657980105929063e-05,0.0051631366538112,0.362266780126769,0.3622588710952478,0.9606129420412574,-0.0004035876489791,forex:EUR-USD,forex,20260928T054604900545Z-5e05e298,artifacts\runs\20260928T054604900545Z-5e05e298,2.419832900000074,artifacts\runs\20260928T054604900545Z-5e05e298\fold_predictions.parquet,artifacts\runs\20260928T054604900545Z-5e05e298\config.json,artifacts\runs\20260928T054604900545Z-5e05e298\data_manifest.json
ridge,3,validation,1,recursive,0.0027359000005162,0.012812599999961,True,,0.0029462113467135,8.680161299503839e-06,0.0029462113467135,0.2528719720808153,0.2525526546416479,0.6683913451822882,-0.0029462113467135,forex:EUR-USD,forex,20260928T054604900545Z-5e05e298,artifacts\runs\20260928T054604900545Z-5e05e298,2.419832900000074,artifacts\runs\20260928T054604900545Z-5e05e298\fold_predictions.parquet,artifacts\runs\20260928T054604900545Z-5e05e298\config.json,artifacts\runs\20260928T054604900545Z-5e05e298\data_manifest.json
ridge,3,validation,5,recursive,0.0027359000005162,0.012812599999961,True,,0.0036525181291858,1.774807328898171e-05,0.004212846221853,0.3139238502342664,0.313302010836466,0.8286274195476226,-0.0030484116772154,forex:EUR-USD,forex,20260928T054604900545Z-5e05e298,artifacts\runs\20260928T054604900545Z-5e05e298,2.419832900000074,artifacts\runs\20260928T054604900545Z-5e05e298\fold_predictions.parquet,artifacts\runs\20260928T054604900545Z-5e05e298\config.json,artifacts\runs\20260928T054604900545Z-5e05e298\data_manifest.json
ridge,3,validation,20,recursive,0.0027359000005162,0.012812599999961,True,,0.0040625173918745,2.532294393920733e-05,0.0050321907693575,0.3473774427110758,0.3475559975232617,0.9216417781468216,0.0002340200512205,forex:EUR-USD,forex,20260928T054604900545Z-5e05e298,artifacts\runs\20260928T054604900545Z-5e05e298,2.419832900000074,artifacts\runs\20260928T054604900545Z-5e05e298\fold_predictions.parquet,artifacts\runs\20260928T054604900545Z-5e05e298\config.json,artifacts\runs\20260928T054604900545Z-5e05e298\data_manifest.json
lasso,3,validation,1,recursive,0.0026602999996612,0.0119098999994093,True,,0.0076736438525821,5.888480997627227e-05,0.0076736438525821,0.6586253413940588,0.6608014442782159,1.7408788893568212,0.0076736438525821,forex:EUR-USD,forex,20260928T054604900545Z-5e05e298,artifacts\runs\20260928T054604900545Z-5e05e298,2.419832900000074,artifacts\runs\20260928T054604900545Z-5e05e298\fold_predictions.parquet,artifacts\runs\20260928T054604900545Z-5e05e298\config.json,artifacts\runs\20260928T054604900545Z-5e05e298\data_manifest.json
lasso,3,validation,5,recursive,0.0026602999996612,0.0119098999994093,True,,0.0194351207009282,0.0004504867367989,0.0212246728313765,1.6672070560380658,1.6839468462927574,4.409142773672316,0.0194351207009282,forex:EUR-USD,forex,20260928T054604900545Z-5e05e298,artifacts\runs\20260928T054604900545Z-5e05e298,2.419832900000074,artifacts\runs\20260928T054604900545Z-5e05e298\fold_predictions.parquet,artifacts\runs\20260928T054604900545Z-5e05e298\config.json,artifacts\runs\20260928T054604900545Z-5e05e298\data_manifest.json
lasso,3,validation,20,recursive,0.0026602999996612,0.0119098999994093,True,,0.0341278185640432,0.0012856770503095,0.0358563390533605,2.917532637634899,2.9652379860416955,7.742397226051937,0.0341278185640432,forex:EUR-USD,forex,20260928T054604900545Z-5e05e298,artifacts\runs\20260928T054604900545Z-5e05e298,2.419832900000074,artifacts\runs\20260928T054604900545Z-5e05e298\fold_predictions.parquet,artifacts\runs\20260928T054604900545Z-5e05e298\config.json,artifacts\runs\20260928T054604900545Z-5e05e298\data_manifest.json
random_forest,3,validation,1,recursive,0.0197441000000253,0.0375715000000127,True,,0.0044438636800545,1.9747924406908065e-05,0.0044438636800545,0.3814147867182697,0.3806887850594723,1.0081557883590415,-0.0044438636800545,forex:EUR-USD,forex,20260928T054604900545Z-5e05e298,artifacts\runs\20260928T054604900545Z-5e05e298,2.419832900000074,artifacts\runs\20260928T054604900545Z-5e05e298\fold_predictions.parquet,artifacts\runs\20260928T054604900545Z-5e05e298\config.json,artifacts\runs\20260928T054604900545Z-5e05e298\data_manifest.json
random_forest,3,validation,5,recursive,0.0197441000000253,0.0375715000000127,True,,0.0045863182080327,2.8726942595716977e-05,0.0053597521020768,0.3942579077411116,0.3931987518767078,1.0404736917195243,-0.0045238636800545,forex:EUR-USD,forex,20260928T054604900545Z-5e05e298,artifacts\runs\20260928T054604900545Z-5e05e298,2.419832900000074,artifacts\runs\20260928T054604900545Z-5e05e298\fold_predictions.parquet,artifacts\runs\20260928T054604900545Z-5e05e298\config.json,artifacts\runs\20260928T054604900545Z-5e05e298\data_manifest.json
random_forest,3,validation,20,recursive,0.0197441000000253,0.0375715000000127,True,,0.0042893863680054,2.760409911374217e-05,0.0052539603266243,0.3671897705610249,0.3669700833435936,0.9731103397303094,-0.0010888636800545,forex:EUR-USD,forex,20260928T054604900545Z-5e05e298,artifacts\runs\20260928T054604900545Z-5e05e298,2.419832900000074,artifacts\runs\20260928T054604900545Z-5e05e298\fold_predictions.parquet,artifacts\runs\20260928T054604900545Z-5e05e298\config.json,artifacts\runs\20260928T054604900545Z-5e05e298\data_manifest.json
xgboost,3,validation,1,recursive,0.0098336999999446,0.0111022999999477,True,,0.0112114168167114,0.000125695867038,0.0112114168167114,0.9622707764751052,0.966922985133586,2.543474681773941,0.0112114168167114,forex:EUR-USD,forex,20260928T054604900545Z-5e05e298,artifacts\runs\20260928T054604900545Z-5e05e298,2.419832900000074,artifacts\runs\20260928T054604900545Z-5e05e298\fold_predictions.parquet,artifacts\runs\20260928T054604900545Z-5e05e298\config.json,artifacts\runs\20260928T054604900545Z-5e05e298\data_manifest.json
xgboost,3,validation,5,recursive,0.0098336999999446,0.0111022999999477,True,,0.0220502724838256,0.0005396654768008,0.0232307011689449,1.891817093926031,1.911886591433793,5.002428391140481,0.0220502724838256,forex:EUR-USD,forex,20260928T054604900545Z-5e05e298,artifacts\runs\20260928T054604900545Z-5e05e298,2.419832900000074,artifacts\runs\20260928T054604900545Z-5e05e298\fold_predictions.parquet,artifacts\runs\20260928T054604900545Z-5e05e298\config.json,artifacts\runs\20260928T054604900545Z-5e05e298\data_manifest.json
xgboost,3,validation,20,recursive,0.0098336999999446,0.0111022999999477,True,,0.0362777245807647,0.0014511582121883,0.0380940705647005,3.1011492474340563,3.1550456871949835,8.230135003633611,0.0362777245807647,forex:EUR-USD,forex,20260928T054604900545Z-5e05e298,artifacts\runs\20260928T054604900545Z-5e05e298,2.419832900000074,artifacts\runs\20260928T054604900545Z-5e05e298\fold_predictions.parquet,artifacts\runs\20260928T054604900545Z-5e05e298\config.json,artifacts\runs\20260928T054604900545Z-5e05e298\data_manifest.json
rnn,3,validation,1,recursive,0.018775700000333,0.0047199999999065,True,,0.0423246368455172,0.0017913748841049,0.0423246368455172,3.6327042181372615,3.699907567268941,9.6019659238239,0.0423246368455172,forex:EUR-USD,forex,20260928T054604900545Z-5e05e298,artifacts\runs\20260928T054604900545Z-5e05e298,2.419832900000074,artifacts\runs\20260928T054604900545Z-5e05e298\fold_predictions.parquet,artifacts\runs\20260928T054604900545Z-5e05e298\config.json,artifacts\runs\20260928T054604900545Z-5e05e298\data_manifest.json
rnn,3,validation,5,recursive,0.018775700000333,0.0047199999999065,True,,0.0369805811055688,0.0013828907662257,0.0371872392928783,3.173683298839208,3.2254308234838174,8.389588336337644,0.0369805811055688,forex:EUR-USD,forex,20260928T054604900545Z-5e05e298,artifacts\runs\20260928T054604900545Z-5e05e298,2.419832900000074,artifacts\runs\20260928T054604900545Z-5e05e298\fold_predictions.parquet,artifacts\runs\20260928T054604900545Z-5e05e298\config.json,artifacts\runs\20260928T054604900545Z-5e05e298\data_manifest.json
rnn,3,validation,20,recursive,0.018775700000333,0.0047199999999065,True,,0.0397792520592471,0.0016093540769436,0.0401167555635248,3.4026226549290337,3.462485125784863,9.02450797492306,0.0397792520592471,forex:EUR-USD,forex,20260928T054604900545Z-5e05e298,artifacts\runs\20260928T054604900545Z-5e05e298,2.419832900000074,artifacts\runs\20260928T054604900545Z-5e05e298\fold_predictions.parquet,artifacts\runs\20260928T054604900545Z-5e05e298\config.json,artifacts\runs\20260928T054604900545Z-5e05e298\data_manifest.json
lstm,3,validation,1,recursive,0.0198987000003398,0.0061046000000715,True,,0.0214477049295715,0.0004600040467459,0.0214477049295715,1.8408467023922064,1.8579476867540987,4.865727085376948,0.0214477049295715,forex:EUR-USD,forex,20260928T054604900545Z-5e05e298,artifacts\runs\20260928T054604900545Z-5e05e298,2.419832900000074,artifacts\runs\20260928T054604900545Z-5e05e298\fold_predictions.parquet,artifacts\runs\20260928T054604900545Z-5e05e298\config.json,artifacts\runs\20260928T054604900545Z-5e05e298\data_manifest.json
lstm,3,validation,5,recursive,0.0198987000003398,0.0061046000000715,True,,0.0233440599925852,0.0005563445354308,0.0235869568921227,2.00308762303465,2.023770776702566,5.295943102610346,0.0233440599925852,forex:EUR-USD,forex,20260928T054604900545Z-5e05e298,artifacts\runs\20260928T054604900545Z-5e05e298,2.419832900000074,artifacts\runs\20260928T054604900545Z-5e05e298\fold_predictions.parquet,artifacts\runs\20260928T054604900545Z-5e05e298\config.json,artifacts\runs\20260928T054604900545Z-5e05e298\data_manifest.json
lstm,3,validation,20,recursive,0.0198987000003398,0.0061046000000715,True,,0.0289982326133127,0.000877700702137,0.0296260139427677,2.4795753389989605,2.512041856204355,6.578675262364091,0.0289982326133127,forex:EUR-USD,forex,20260928T054604900545Z-5e05e298,artifacts\runs\20260928T054604900545Z-5e05e298,2.419832900000074,artifacts\runs\20260928T054604900545Z-5e05e298\fold_predictions.parquet,artifacts\runs\20260928T054604900545Z-5e05e298\config.json,artifacts\runs\20260928T054604900545Z-5e05e298\data_manifest.json
gru,3,validation,1,recursive,0.0410130000000208,0.0101950999996915,True,,0.0177416566652963,0.0003147663812292,0.0177416566652963,1.52275827528078,1.5344411903837225,4.024955567938957,0.0177416566652963,forex:EUR-USD,forex,20260928T054604900545Z-5e05e298,artifacts\runs\20260928T054604900545Z-5e05e298,2.419832900000074,artifacts\runs\20260928T054604900545Z-5e05e298\fold_predictions.parquet,artifacts\runs\20260928T054604900545Z-5e05e298\config.json,artifacts\runs\20260928T054604900545Z-5e05e298\data_manifest.json
gru,3,validation,5,recursive,0.0410130000000208,0.0101950999996915,True,,0.0219991753256207,0.0005042257098808,0.0224549707165431,1.8875467651056976,1.906282390818564,4.990836249814408,0.0219991753256207,forex:EUR-USD,forex,20260928T054604900545Z-5e05e298,artifacts\runs\20260928T054604900545Z-5e05e298,2.419832900000074,artifacts\runs\20260928T054604900545Z-5e05e298\fold_predictions.parquet,artifacts\runs\20260928T054604900545Z-5e05e298\config.json,artifacts\runs\20260928T054604900545Z-5e05e298\data_manifest.json
gru,3,validation,20,recursive,0.0410130000000208,0.0101950999996915,True,,0.0311470059132367,0.0010328048680044,0.032137281590147,2.6629714216734346,2.7012163072195032,7.066156066492443,0.0311470059132367,forex:EUR-USD,forex,20260928T054604900545Z-5e05e298,artifacts\runs\20260928T054604900545Z-5e05e298,2.419832900000074,artifacts\runs\20260928T054604900545Z-5e05e298\fold_predictions.parquet,artifacts\runs\20260928T054604900545Z-5e05e298\config.json,artifacts\runs\20260928T054604900545Z-5e05e298\data_manifest.json
arima,0,final_test,1,recursive,0.0198190999999496,0.0014511999997921,True,1.0,0.0029957045217565,8.974245581672762e-06,0.0029957045217565,0.2530797095342206,0.2534003619842549,0.689116057522129,0.0029957045217565,forex:EUR-USD,forex,20260928T054604900545Z-5e05e298,artifacts\runs\20260928T054604900545Z-5e05e298,2.419832900000074,artifacts\runs\20260928T054604900545Z-5e05e298\fold_predictions.parquet,artifacts\runs\20260928T054604900545Z-5e05e298\config.json,artifacts\runs\20260928T054604900545Z-5e05e298\data_manifest.json
arima,0,final_test,5,recursive,0.0198190999999496,0.0014511999997921,True,1.0,0.0030408608985901,1.3880063843232297e-05,0.0037255957702402,0.2582550387439743,0.2578994507042682,0.6995035921235979,-0.0014042990812954,forex:EUR-USD,forex,20260928T054604900545Z-5e05e298,artifacts\runs\20260928T054604900545Z-5e05e298,2.419832900000074,artifacts\runs\20260928T054604900545Z-5e05e298\fold_predictions.parquet,artifacts\runs\20260928T054604900545Z-5e05e298\config.json,artifacts\runs\20260928T054604900545Z-5e05e298\data_manifest.json
arima,0,final_test,20,recursive,0.0198190999999496,0.0014511999997921,True,1.0,0.0107134402120771,0.0001723095994946,0.0131266751119492,0.9198721868603302,0.9135721967843156,2.4644632432295683,-0.0103042997577535,forex:EUR-USD,forex,20260928T054604900545Z-5e05e298,artifacts\runs\20260928T054604900545Z-5e05e298,2.419832900000074,artifacts\runs\20260928T054604900545Z-5e05e298\fold_predictions.parquet,artifacts\runs\20260928T054604900545Z-5e05e298\config.json,artifacts\runs\20260928T054604900545Z-5e05e298\data_manifest.json
drift,0,final_test,1,recursive,1.0599999768601265e-05,1.1299999641778412e-05,True,,0.0021106918238993,4.455019975475504e-06,0.0021106918238993,0.178313071208865,0.1784721908312275,0.4855324074074001,0.0021106918238993,forex:EUR-USD,forex,20260928T054604900545Z-5e05e298,artifacts\runs\20260928T054604900545Z-5e05e298,2.419832900000074,artifacts\runs\20260928T054604900545Z-5e05e298\fold_predictions.parquet,artifacts\runs\20260928T054604900545Z-5e05e298\config.json,artifacts\runs\20260928T054604900545Z-5e05e298\data_manifest.json
drift,0,final_test,5,recursive,1.0599999768601265e-05,1.1299999641778412e-05,True,,0.0049122012578617,3.4484288912623145e-05,0.0058723324933643,0.4172888662732438,0.4161099186107242,1.1299768518518774,-0.004067924528302,forex:EUR-USD,forex,20260928T054604900545Z-5e05e298,artifacts\runs\20260928T054604900545Z-5e05e298,2.419832900000074,artifacts\runs\20260928T054604900545Z-5e05e298\fold_predictions.parquet,artifacts\runs\20260928T054604900545Z-5e05e298\config.json,artifacts\runs\20260928T054604900545Z-5e05e298\data_manifest.json
drift,0,final_test,20,recursive,1.0599999768601265e-05,1.1299999641778412e-05,True,,0.0198488050314466,0.0005538193350342,0.023533366419495,1.7033911539884476,1.6831896477057604,4.565914351851883,-0.0196377358490567,forex:EUR-USD,forex,20260928T054604900545Z-5e05e298,artifacts\runs\20260928T054604900545Z-5e05e298,2.419832900000074,artifacts\runs\20260928T054604900545Z-5e05e298\fold_predictions.parquet,artifacts\runs\20260928T054604900545Z-5e05e298\config.json,artifacts\runs\20260928T054604900545Z-5e05e298\data_manifest.json
exponential_smoothing,0,final_test,1,recursive,0.014718399999765,0.0013403000002654,True,,0.0021273196723887,4.525488988532273e-06,0.0021273196723887,0.1797178062337393,0.1798794439289866,0.4893573899158209,0.0021273196723887,forex:EUR-USD,forex,20260928T054604900545Z-5e05e298,artifacts\runs\20260928T054604900545Z-5e05e298,2.419832900000074,artifacts\runs\20260928T054604900545Z-5e05e298\fold_predictions.parquet,artifacts\runs\20260928T054604900545Z-5e05e298\config.json,artifacts\runs\20260928T054604900545Z-5e05e298\data_manifest.json
exponential_smoothing,0,final_test,5,recursive,0.014718399999765,0.0013403000002654,True,,0.0049024937708815,3.435261713668935e-05,0.0058611105719555,0.4164636253645935,0.4152904214147421,1.1277437927809078,-0.004051565901926,forex:EUR-USD,forex,20260928T054604900545Z-5e05e298,artifacts\runs\20260928T054604900545Z-5e05e298,2.419832900000074,artifacts\runs\20260928T054604900545Z-5e05e298\fold_predictions.parquet,artifacts\runs\20260928T054604900545Z-5e05e298\config.json,artifacts\runs\20260928T054604900545Z-5e05e298\data_manifest.json
exponential_smoothing,0,final_test,20,recursive,0.014718399999765,0.0013403000002654,True,,0.0198351187728456,0.0005532361572404,0.0235209727103386,1.7022205478078094,1.6820403868155274,4.562766037156337,-0.0196223868056067,forex:EUR-USD,forex,20260928T054604900545Z-5e05e298,artifacts\runs\20260928T054604900545Z-5e05e298,2.419832900000074,artifacts\runs\20260928T054604900545Z-5e05e298\fold_predictions.parquet,artifacts\runs\20260928T054604900545Z-5e05e298\config.json,artifacts\runs\20260928T054604900545Z-5e05e298\data_manifest.json
gru,0,final_test,1,recursive,0.0342293000003337,0.0075512000003072,True,,0.0295977911871911,0.0008760292431605,0.0295977911871911,2.500447004071234,2.532103962911529,6.808519674136876,0.0295977911871911,forex:EUR-USD,forex,20260928T054604900545Z-5e05e298,artifacts\runs\20260928T054604900545Z-5e05e298,2.419832900000074,artifacts\runs\20260928T054604900545Z-5e05e298\fold_predictions.parquet,artifacts\runs\20260928T054604900545Z-5e05e298\config.json,artifacts\runs\20260928T054604900545Z-5e05e298\data_manifest.json
gru,0,final_test,5,recursive,0.0342293000003337,0.0075512000003072,True,,0.0299107963623996,0.0009030809908011,0.0300513059749682,2.535923184382639,2.568796339507476,6.8805217326700685,0.0299107963623996,forex:EUR-USD,forex,20260928T054604900545Z-5e05e298,artifacts\runs\20260928T054604900545Z-5e05e298,2.419832900000074,artifacts\runs\20260928T054604900545Z-5e05e298\fold_predictions.parquet,artifacts\runs\20260928T054604900545Z-5e05e298\config.json,artifacts\runs\20260928T054604900545Z-5e05e298\data_manifest.json
gru,0,final_test,20,recursive,0.0342293000003337,0.0075512000003072,True,,0.0271332944986656,0.0007683462874896,0.0277190600037166,2.315398632897151,2.343672253408084,6.241599862974312,0.0271332944986656,forex:EUR-USD,forex,20260928T054604900545Z-5e05e298,artifacts\runs\20260928T054604900545Z-5e05e298,2.419832900000074,artifacts\runs\20260928T054604900545Z-5e05e298\fold_predictions.parquet,artifacts\runs\20260928T054604900545Z-5e05e298\config.json,artifacts\runs\20260928T054604900545Z-5e05e298\data_manifest.json
holt_winters,0,final_test,1,recursive,0.0703825000000506,0.001928399999997,True,,0.001274168865009,1.6235062965585382e-06,0.001274168865009,0.1076428879791403,0.1077008541340243,0.2931030809265694,0.001274168865009,forex:EUR-USD,forex,20260928T054604900545Z-5e05e298,artifacts\runs\20260928T054604900545Z-5e05e298,2.419832900000074,artifacts\runs\20260928T054604900545Z-5e05e298\fold_predictions.parquet,artifacts\runs\20260928T054604900545Z-5e05e298\config.json,artifacts\runs\20260928T054604900545Z-5e05e298\data_manifest.json
holt_winters,0,final_test,5,recursive,0.0703825000000506,0.001928399999997,True,,0.0044759842833353,2.997026368366475e-05,0.0054745103601751,0.3802768957148369,0.3792201606944128,1.0296318012880776,-0.0039663167373316,forex:EUR-USD,forex,20260928T054604900545Z-5e05e298,artifacts\runs\20260928T054604900545Z-5e05e298,2.419832900000074,artifacts\runs\20260928T054604900545Z-5e05e298\fold_predictions.parquet,artifacts\runs\20260928T054604900545Z-5e05e298\config.json,artifacts\runs\20260928T054604900545Z-5e05e298\data_manifest.json
holt_winters,0,final_test,20,recursive,0.0703825000000506,0.001928399999997,True,,0.0197259218368996,0.000551381881792,0.0234815221353321,1.692927827915225,1.672804969685602,4.537646950328485,-0.0195985049503987,forex:EUR-USD,forex,20260928T054604900545Z-5e05e298,artifacts\runs\20260928T054604900545Z-5e05e298,2.419832900000074,artifacts\runs\20260928T054604900545Z-5e05e298\fold_predictions.parquet,artifacts\runs\20260928T054604900545Z-5e05e298\config.json,artifacts\runs\20260928T054604900545Z-5e05e298\data_manifest.json
lasso,0,final_test,1,recursive,0.0024663000003783,0.0107008999993922,True,,0.0156545854474781,0.0002450660455323,0.0156545854474781,1.322512921135263,1.3313163364204357,3.601098214914676,0.0156545854474781,forex:EUR-USD,forex,20260928T054604900545Z-5e05e298,artifacts\runs\20260928T054604900545Z-5e05e298,2.419832900000074,artifacts\runs\20260928T054604900545Z-5e05e298\fold_predictions.parquet,artifacts\runs\20260928T054604900545Z-5e05e298\config.json,artifacts\runs\20260928T054604900545Z-5e05e298\data_manifest.json
lasso,0,final_test,5,recursive,0.0024663000003783,0.0107008999993922,True,,0.0252096263421759,0.0006845203077622,0.0261633390025487,2.1381587929942194,2.163091158320222,5.79908939294848,0.0252096263421759,forex:EUR-USD,forex,20260928T054604900545Z-5e05e298,artifacts\runs\20260928T054604900545Z-5e05e298,2.419832900000074,artifacts\runs\20260928T054604900545Z-5e05e298\fold_predictions.parquet,artifacts\runs\20260928T054604900545Z-5e05e298\config.json,artifacts\runs\20260928T054604900545Z-5e05e298\data_manifest.json
lasso,0,final_test,20,recursive,0.0024663000003783,0.0107008999993922,True,,0.0296474745386041,0.0009250912437673,0.0304153126527955,2.532047745193604,2.566226197801912,6.819948570078224,0.0296474745386041,forex:EUR-USD,forex,20260928T054604900545Z-5e05e298,artifacts\runs\20260928T054604900545Z-5e05e298,2.419832900000074,artifacts\runs\20260928T054604900545Z-5e05e298\fold_predictions.parquet,artifacts\runs\20260928T054604900545Z-5e05e298\config.json,artifacts\runs\20260928T054604900545Z-5e05e298\data_manifest.json
last_value,0,final_test,1,recursive,1.4100000043981709e-05,5.399999281507917e-06,True,,0.0029999999999998,8.99999999999935e-06,0.0029999999999998,0.2534425952521663,0.2537641684993987,0.6901041666666431,0.0029999999999998,forex:EUR-USD,forex,20260928T054604900545Z-5e05e298,artifacts\runs\20260928T054604900545Z-5e05e298,2.419832900000074,artifacts\runs\20260928T054604900545Z-5e05e298\fold_predictions.parquet,artifacts\runs\20260928T054604900545Z-5e05e298\config.json,artifacts\runs\20260928T054604900545Z-5e05e298\data_manifest.json
last_value,0,final_test,5,recursive,1.4100000043981709e-05,5.399999281507917e-06,True,,0.00304,1.3868000000000322e-05,0.0037239763694202,0.2581811844157486,0.2578265372282592,0.6993055555555616,-0.0014000000000001,forex:EUR-USD,forex,20260928T054604900545Z-5e05e298,artifacts\runs\20260928T054604900545Z-5e05e298,2.419832900000074,artifacts\runs\20260928T054604900545Z-5e05e298\fold_predictions.parquet,artifacts\runs\20260928T054604900545Z-5e05e298\config.json,artifacts\runs\20260928T054604900545Z-5e05e298\data_manifest.json
last_value,0,final_test,20,recursive,1.4100000043981709e-05,5.399999281507917e-06,True,,0.01071,0.000172221,0.0131232998898905,0.9195774673563916,0.913280838138054,2.4636718750000197,-0.0103,forex:EUR-USD,forex,20260928T054604900545Z-5e05e298,artifacts\runs\20260928T054604900545Z-5e05e298,2.419832900000074,artifacts\runs\20260928T054604900545Z-5e05e298\fold_predictions.parquet,artifacts\runs\20260928T054604900545Z-5e05e298\config.json,artifacts\runs\20260928T054604900545Z-5e05e298\data_manifest.json
lstm,0,final_test,1,recursive,0.0177277000002504,0.0046824999999444,True,,0.0365227193943153,0.0013339090319559,0.0365227193943153,3.0854709296540843,3.1338174427462664,8.401493610671526,0.0365227193943153,forex:EUR-USD,forex,20260928T054604900545Z-5e05e298,artifacts\runs\20260928T054604900545Z-5e05e298,2.419832900000074,artifacts\runs\20260928T054604900545Z-5e05e298\fold_predictions.parquet,artifacts\runs\20260928T054604900545Z-5e05e298\config.json,artifacts\runs\20260928T054604900545Z-5e05e298\data_manifest.json
lstm,0,final_test,5,recursive,0.0177277000002504,0.0046824999999444,True,,0.0342548564690935,0.0011815285762707,0.034373370161663,2.9040396297996525,2.9471152676013266,7.8798063926300355,0.0342548564690935,forex:EUR-USD,forex,20260928T054604900545Z-5e05e298,artifacts\runs\20260928T054604900545Z-5e05e298,2.419832900000074,artifacts\runs\20260928T054604900545Z-5e05e298\fold_predictions.parquet,artifacts\runs\20260928T054604900545Z-5e05e298\config.json,artifacts\runs\20260928T054604900545Z-5e05e298\data_manifest.json
lstm,0,final_test,20,recursive,0.0177277000002504,0.0046824999999444,True,,0.0281231964690598,0.0008373465119351,0.0289369402656038,2.3989876608794205,2.429783372049761,6.469311687761171,0.0281231964690598,forex:EUR-USD,forex,20260928T054604900545Z-5e05e298,artifacts\runs\20260928T054604900545Z-5e05e298,2.419832900000074,artifacts\runs\20260928T054604900545Z-5e05e298\fold_predictions.parquet,artifacts\runs\20260928T054604900545Z-5e05e298\config.json,artifacts\runs\20260928T054604900545Z-5e05e298\data_manifest.json
random_forest,0,final_test,1,recursive,0.0245377999999618,0.0489126000002215,True,,0.0100551287637924,0.0001011056144564,0.0100551287637924,0.8494659764967849,0.853089328293273,2.313028752087676,0.0100551287637924,forex:EUR-USD,forex,20260928T054604900545Z-5e05e298,artifacts\runs\20260928T054604900545Z-5e05e298,2.419832900000074,artifacts\runs\20260928T054604900545Z-5e05e298\fold_predictions.parquet,artifacts\runs\20260928T054604900545Z-5e05e298\config.json,artifacts\runs\20260928T054604900545Z-5e05e298\data_manifest.json
random_forest,0,final_test,5,recursive,0.0245377999999618,0.0489126000002215,True,,0.0056730772582754,4.38884813350726e-05,0.0066248382119922,0.4802088386035701,0.4817851075782915,1.305004751252604,0.0056551287637924,forex:EUR-USD,forex,20260928T054604900545Z-5e05e298,artifacts\runs\20260928T054604900545Z-5e05e298,2.419832900000074,artifacts\runs\20260928T054604900545Z-5e05e298\fold_predictions.parquet,artifacts\runs\20260928T054604900545Z-5e05e298\config.json,artifacts\runs\20260928T054604900545Z-5e05e298\data_manifest.json
random_forest,0,final_test,20,recursive,0.0245377999999618,0.0489126000002215,True,,0.0065189742472414,7.666018933956664e-05,0.0087555804684536,0.5594347259339129,0.5574238198521603,1.4995904301380176,-0.0032448712362075,forex:EUR-USD,forex,20260928T054604900545Z-5e05e298,artifacts\runs\20260928T054604900545Z-5e05e298,2.419832900000074,artifacts\runs\20260928T054604900545Z-5e05e298\fold_predictions.parquet,artifacts\runs\20260928T054604900545Z-5e05e298\config.json,artifacts\runs\20260928T054604900545Z-5e05e298\data_manifest.json
ridge,0,final_test,1,recursive,0.0027790000003733,0.0127044000000751,True,,0.0043636103518718,1.9041095302962973e-05,0.0043636103518718,0.3686415774158847,0.369322315220173,1.003781895178851,0.0043636103518718,forex:EUR-USD,forex,20260928T054604900545Z-5e05e298,artifacts\runs\20260928T054604900545Z-5e05e298,2.419832900000074,artifacts\runs\20260928T054604900545Z-5e05e298\fold_predictions.parquet,artifacts\runs\20260928T054604900545Z-5e05e298\config.json,artifacts\runs\20260928T054604900545Z-5e05e298\data_manifest.json
ridge,0,final_test,5,recursive,0.0027790000003733,0.0127044000000751,True,,0.0027466426849786,1.0175210894195026e-05,0.0031898606386792,0.2328683621654817,0.2329662401677539,0.6318231870827663,0.0010266307133294,forex:EUR-USD,forex,20260928T054604900545Z-5e05e298,artifacts\runs\20260928T054604900545Z-5e05e298,2.419832900000074,artifacts\runs\20260928T054604900545Z-5e05e298\fold_predictions.parquet,artifacts\runs\20260928T054604900545Z-5e05e298\config.json,artifacts\runs\20260928T054604900545Z-5e05e298\data_manifest.json
ridge,0,final_test,20,recursive,0.0027790000003733,0.0127044000000751,True,,0.008012685168151,0.0001092433139751,0.0104519526393464,0.6884159104267653,0.6845030645036195,1.843195806909752,-0.007069366818574,forex:EUR-USD,forex,20260928T054604900545Z-5e05e298,artifacts\runs\20260928T054604900545Z-5e05e298,2.419832900000074,artifacts\runs\20260928T054604900545Z-5e05e298\fold_predictions.parquet,artifacts\runs\20260928T054604900545Z-5e05e298\config.json,artifacts\runs\20260928T054604900545Z-5e05e298\data_manifest.json
rnn,0,final_test,1,recursive,0.0198089999994408,0.0049909999997908,True,,0.0599267975383801,0.003591221063206,0.0599267975383801,5.06266769775958,5.19414894824781,13.785244225408654,0.0599267975383801,forex:EUR-USD,forex,20260928T054604900545Z-5e05e298,artifacts\runs\20260928T054604900545Z-5e05e298,2.419832900000074,artifacts\runs\20260928T054604900545Z-5e05e298\fold_predictions.parquet,artifacts\runs\20260928T054604900545Z-5e05e298\config.json,artifacts\runs\20260928T054604900545Z-5e05e298\data_manifest.json
rnn,0,final_test,5,recursive,0.0198089999994408,0.0049909999997908,True,,0.0493978616262024,0.0024714150452535,0.0497133286478947,4.187609289748625,4.2783104996068255,11.363223377555268,0.0493978616262024,forex:EUR-USD,forex,20260928T054604900545Z-5e05e298,artifacts\runs\20260928T054604900545Z-5e05e298,2.419832900000074,artifacts\runs\20260928T054604900545Z-5e05e298\fold_predictions.parquet,artifacts\runs\20260928T054604900545Z-5e05e298\config.json,artifacts\runs\20260928T054604900545Z-5e05e298\data_manifest.json
rnn,0,final_test,20,recursive,0.0198089999994408,0.0049909999997908,True,,0.0398034603852292,0.0016595200170172,0.0407372067895835,3.395938671275239,3.4573162167527296,9.156177953199451,0.0398034603852292,forex:EUR-USD,forex,20260928T054604900545Z-5e05e298,artifacts\runs\20260928T054604900545Z-5e05e298,2.419832900000074,artifacts\runs\20260928T054604900545Z-5e05e298\fold_predictions.parquet,artifacts\runs\20260928T054604900545Z-5e05e298\config.json,artifacts\runs\20260928T054604900545Z-5e05e298\data_manifest.json
sarima,0,final_test,1,recursive,0.0342533999992156,0.0015152999994825,True,1.0,0.00330402239477,1.0916563985141764e-05,0.00330402239477,0.2791266701672731,0.2795167730979267,0.7600398737969226,0.00330402239477,forex:EUR-USD,forex,20260928T054604900545Z-5e05e298,artifacts\runs\20260928T054604900545Z-5e05e298,2.419832900000074,artifacts\runs\20260928T054604900545Z-5e05e298\fold_predictions.parquet,artifacts\runs\20260928T054604900545Z-5e05e298\config.json,artifacts\runs\20260928T054604900545Z-5e05e298\data_manifest.json
sarima,0,final_test,5,recursive,0.0342533999992156,0.0015152999994825,True,1.0,0.0032990376987481,1.4473060905524268e-05,0.0038043476320552,0.2800956581313898,0.2797656661248647,0.7588932206321822,-0.0013425247599244,forex:EUR-USD,forex,20260928T054604900545Z-5e05e298,artifacts\runs\20260928T054604900545Z-5e05e298,2.419832900000074,artifacts\runs\20260928T054604900545Z-5e05e298\fold_predictions.parquet,artifacts\runs\20260928T054604900545Z-5e05e298\config.json,artifacts\runs\20260928T054604900545Z-5e05e298\data_manifest.json
sarima,0,final_test,20,recursive,0.0342533999992156,0.0015152999994825,True,1.0,0.0111930732675465,0.0001838505438537,0.0135591498204615,0.960894636164433,0.9541850038194843,2.57479549991306,-0.0107039450328406,forex:EUR-USD,forex,20260928T054604900545Z-5e05e298,artifacts\runs\20260928T054604900545Z-5e05e298,2.419832900000074,artifacts\runs\20260928T054604900545Z-5e05e298\fold_predictions.parquet,artifacts\runs\20260928T054604900545Z-5e05e298\config.json,artifacts\runs\20260928T054604900545Z-5e05e298\data_manifest.json
seasonal_naive,0,final_test,1,recursive,1.37999995786231e-05,1.609999981155852e-05,True,,0.0129999999999999,0.0001689999999999,0.0129999999999999,1.0982512460927516,1.1043153244988022,2.9904513888888715,0.0129999999999999,forex:EUR-USD,forex,20260928T054604900545Z-5e05e298,artifacts\runs\20260928T054604900545Z-5e05e298,2.419832900000074,artifacts\runs\20260928T054604900545Z-5e05e298\fold_predictions.parquet,artifacts\runs\20260928T054604900545Z-5e05e298\config.json,artifacts\runs\20260928T054604900545Z-5e05e298\data_manifest.json
seasonal_naive,0,final_test,5,recursive,1.37999995786231e-05,1.609999981155852e-05,True,,0.0061999999999999,7.066799999999873e-05,0.0084064261133967,0.5246131113730056,0.5271253022388918,1.4262152777777666,0.0056399999999999,forex:EUR-USD,forex,20260928T054604900545Z-5e05e298,artifacts\runs\20260928T054604900545Z-5e05e298,2.419832900000074,artifacts\runs\20260928T054604900545Z-5e05e298\fold_predictions.parquet,artifacts\runs\20260928T054604900545Z-5e05e298\config.json,artifacts\runs\20260928T054604900545Z-5e05e298\data_manifest.json
seasonal_naive,0,final_test,20,recursive,1.37999995786231e-05,1.609999981155852e-05,True,,0.00827,0.000109802,0.0104786449505649,0.7088477072424683,0.706462202109906,1.9023871527777811,-0.00326,forex:EUR-USD,forex,20260928T054604900545Z-5e05e298,artifacts\runs\20260928T054604900545Z-5e05e298,2.419832900000074,artifacts\runs\20260928T054604900545Z-5e05e298\fold_predictions.parquet,artifacts\runs\20260928T054604900545Z-5e05e298\config.json,artifacts\runs\20260928T054604900545Z-5e05e298\data_manifest.json
xgboost,0,final_test,1,recursive,0.0132685999997193,0.0154347999996389,True,,0.0276271450042724,0.000763259141087,0.0276271450042724,2.333965109763659,2.3615236791284926,6.355202626850876,0.0276271450042724,forex:EUR-USD,forex,20260928T054604900545Z-5e05e298,artifacts\runs\20260928T054604900545Z-5e05e298,2.419832900000074,artifacts\runs\20260928T054604900545Z-5e05e298\fold_predictions.parquet,artifacts\runs\20260928T054604900545Z-5e05e298\config.json,artifacts\runs\20260928T054604900545Z-5e05e298\data_manifest.json
xgboost,0,final_test,5,recursive,0.0132685999997193,0.0154347999996389,True,,0.0319025772094726,0.001026041423454,0.0320318813598898,2.705351891784016,2.742760765130209,7.338700486554047,0.0319025772094726,forex:EUR-USD,forex,20260928T054604900545Z-5e05e298,artifacts\runs\20260928T054604900545Z-5e05e298,2.419832900000074,artifacts\runs\20260928T054604900545Z-5e05e298\fold_predictions.parquet,artifacts\runs\20260928T054604900545Z-5e05e298\config.json,artifacts\runs\20260928T054604900545Z-5e05e298\data_manifest.json
xgboost,0,final_test,20,recursive,0.0132685999997193,0.0154347999996389,True,,0.0256704989910125,0.0007107381991331,0.0266596736501624,2.1893940451386533,2.2155042284935083,5.905106104703424,0.0256704989910125,forex:EUR-USD,forex,20260928T054604900545Z-5e05e298,artifacts\runs\20260928T054604900545Z-5e05e298,2.419832900000074,artifacts\runs\20260928T054604900545Z-5e05e298\fold_predictions.parquet,artifacts\runs\20260928T054604900545Z-5e05e298\config.json,artifacts\runs\20260928T054604900545Z-5e05e298\data_manifest.json
last_value,1,validation,1,recursive,1.8200000340584666e-05,4.19999923906289e-06,True,,0.1700000000000017,0.0289000000000005,0.1700000000000017,0.2245113576333884,0.2242596134819625,0.1593750000000015,-0.1700000000000017,oil:WTI-CUSHING-SPOT,oil,20260928T054607431058Z-28fa2e2c,artifacts\runs\20260928T054607431058Z-28fa2e2c,2.528636500000175,artifacts\runs\20260928T054607431058Z-28fa2e2c\fold_predictions.parquet,artifacts\runs\20260928T054607431058Z-28fa2e2c\config.json,artifacts\runs\20260928T054607431058Z-28fa2e2c\data_manifest.json
last_value,1,validation,5,recursive,1.8200000340584666e-05,4.19999923906289e-06,True,,7.3,67.8348,8.236188438835041,10.96666592959858,10.247615549514922,6.843749999999997,-7.3,oil:WTI-CUSHING-SPOT,oil,20260928T054607431058Z-28fa2e2c,artifacts\runs\20260928T054607431058Z-28fa2e2c,2.528636500000175,artifacts\runs\20260928T054607431058Z-28fa2e2c\fold_predictions.parquet,artifacts\runs\20260928T054607431058Z-28fa2e2c\config.json,artifacts\runs\20260928T054607431058Z-28fa2e2c\data_manifest.json
last_value,1,validation,20,recursive,1.8200000340584666e-05,4.19999923906289e-06,True,,7.618,62.57028000000004,7.910137799052557,11.260887561892831,10.61342462108446,7.141874999999997,-7.618,oil:WTI-CUSHING-SPOT,oil,20260928T054607431058Z-28fa2e2c,artifacts\runs\20260928T054607431058Z-28fa2e2c,2.528636500000175,artifacts\runs\20260928T054607431058Z-28fa2e2c\fold_predictions.parquet,artifacts\runs\20260928T054607431058Z-28fa2e2c\config.json,artifacts\runs\20260928T054607431058Z-28fa2e2c\data_manifest.json
drift,1,validation,1,recursive,7.599999662488699e-06,7.399999958579427e-06,True,,0.1940404040404075,0.0376516784001646,0.1940404040404075,0.2562604385108393,0.2559325116225515,0.181912878787882,-0.1940404040404075,oil:WTI-CUSHING-SPOT,oil,20260928T054607431058Z-28fa2e2c,artifacts\runs\20260928T054607431058Z-28fa2e2c,2.528636500000175,artifacts\runs\20260928T054607431058Z-28fa2e2c\fold_predictions.parquet,artifacts\runs\20260928T054607431058Z-28fa2e2c\config.json,artifacts\runs\20260928T054607431058Z-28fa2e2c\data_manifest.json
drift,1,validation,5,recursive,7.599999662488699e-06,7.399999958579427e-06,True,,7.372121212121212,69.10510563411894,8.312948071179017,11.074250791812124,10.34219828643708,6.9113636363636335,-7.372121212121212,oil:WTI-CUSHING-SPOT,oil,20260928T054607431058Z-28fa2e2c,artifacts\runs\20260928T054607431058Z-28fa2e2c,2.528636500000175,artifacts\runs\20260928T054607431058Z-28fa2e2c\fold_predictions.parquet,artifacts\runs\20260928T054607431058Z-28fa2e2c\config.json,artifacts\runs\20260928T054607431058Z-28fa2e2c\data_manifest.json
drift,1,validation,20,recursive,7.599999662488699e-06,7.399999958579427e-06,True,,7.870424242424244,66.52749393123152,8.156438802028218,11.631037772120804,10.944318384652505,7.378522727272726,-7.870424242424244,oil:WTI-CUSHING-SPOT,oil,20260928T054607431058Z-28fa2e2c,artifacts\runs\20260928T054607431058Z-28fa2e2c,2.528636500000175,artifacts\runs\20260928T054607431058Z-28fa2e2c\fold_predictions.parquet,artifacts\runs\20260928T054607431058Z-28fa2e2c\config.json,artifacts\runs\20260928T054607431058Z-28fa2e2c\data_manifest.json
seasonal_naive,1,validation,1,recursive,7.000000550760888e-06,1.1299999641778412e-05,True,,6.989999999999995,48.86009999999993,6.989999999999995,9.231378763866871,9.678089304257522,6.5531249999999925,6.989999999999995,oil:WTI-CUSHING-SPOT,oil,20260928T054607431058Z-28fa2e2c,artifacts\runs\20260928T054607431058Z-28fa2e2c,2.528636500000175,artifacts\runs\20260928T054607431058Z-28fa2e2c\fold_predictions.parquet,artifacts\runs\20260928T054607431058Z-28fa2e2c\config.json,artifacts\runs\20260928T054607431058Z-28fa2e2c\data_manifest.json
seasonal_naive,1,validation,5,recursive,7.000000550760888e-06,1.1299999641778412e-05,True,,7.528,60.2578,7.762589774038043,11.068339659747444,10.618449625003851,7.057499999999997,-4.732000000000002,oil:WTI-CUSHING-SPOT,oil,20260928T054607431058Z-28fa2e2c,artifacts\runs\20260928T054607431058Z-28fa2e2c,2.528636500000175,artifacts\runs\20260928T054607431058Z-28fa2e2c\fold_predictions.parquet,artifacts\runs\20260928T054607431058Z-28fa2e2c\config.json,artifacts\runs\20260928T054607431058Z-28fa2e2c\data_manifest.json
seasonal_naive,1,validation,20,recursive,7.000000550760888e-06,1.1299999641778412e-05,True,,5.7920000000000025,40.05963000000003,6.329267730156469,8.512618406598667,8.1429043848896,5.43,-5.050000000000003,oil:WTI-CUSHING-SPOT,oil,20260928T054607431058Z-28fa2e2c,artifacts\runs\20260928T054607431058Z-28fa2e2c,2.528636500000175,artifacts\runs\20260928T054607431058Z-28fa2e2c\fold_predictions.parquet,artifacts\runs\20260928T054607431058Z-28fa2e2c\config.json,artifacts\runs\20260928T054607431058Z-28fa2e2c\data_manifest.json
exponential_smoothing,1,validation,1,recursive,0.0121717000001808,0.0009103000002141,True,,0.597163483583671,0.3566042261257853,0.597163483583671,0.7886469672261899,0.7855493616179576,0.5598407658596913,-0.597163483583671,oil:WTI-CUSHING-SPOT,oil,20260928T054607431058Z-28fa2e2c,artifacts\runs\20260928T054607431058Z-28fa2e2c,2.528636500000175,artifacts\runs\20260928T054607431058Z-28fa2e2c\fold_predictions.parquet,artifacts\runs\20260928T054607431058Z-28fa2e2c\config.json,artifacts\runs\20260928T054607431058Z-28fa2e2c\data_manifest.json
exponential_smoothing,1,validation,5,recursive,0.0121717000001808,0.0009103000002141,True,,8.57919373910801,92.2490517525553,9.604636992232203,12.874834599340602,11.908047555008128,8.042994130413756,-8.57919373910801,oil:WTI-CUSHING-SPOT,oil,20260928T054607431058Z-28fa2e2c,artifacts\runs\20260928T054607431058Z-28fa2e2c,2.528636500000175,artifacts\runs\20260928T054607431058Z-28fa2e2c\fold_predictions.parquet,artifacts\runs\20260928T054607431058Z-28fa2e2c\config.json,artifacts\runs\20260928T054607431058Z-28fa2e2c\data_manifest.json
exponential_smoothing,1,validation,20,recursive,0.0121717000001808,0.0009103000002141,True,,12.092307197324274,157.29702675207577,12.541811143215153,17.82192800213294,16.264861396949232,11.336537997491504,-12.092307197324274,oil:WTI-CUSHING-SPOT,oil,20260928T054607431058Z-28fa2e2c,artifacts\runs\20260928T054607431058Z-28fa2e2c,2.528636500000175,artifacts\runs\20260928T054607431058Z-28fa2e2c\fold_predictions.parquet,artifacts\runs\20260928T054607431058Z-28fa2e2c\config.json,artifacts\runs\20260928T054607431058Z-28fa2e2c\data_manifest.json
holt_winters,1,validation,1,recursive,0.0593759000003046,0.0011832999998659,True,,0.1354262170781481,0.0183402602720977,0.1354262170781481,0.1788513167962865,0.1786915207273744,0.1269620785107638,-0.1354262170781481,oil:WTI-CUSHING-SPOT,oil,20260928T054607431058Z-28fa2e2c,artifacts\runs\20260928T054607431058Z-28fa2e2c,2.528636500000175,artifacts\runs\20260928T054607431058Z-28fa2e2c\fold_predictions.parquet,artifacts\runs\20260928T054607431058Z-28fa2e2c\config.json,artifacts\runs\20260928T054607431058Z-28fa2e2c\data_manifest.json
holt_winters,1,validation,5,recursive,0.0593759000003046,0.0011832999998659,True,,8.382704226704845,89.54383827863327,9.462760605586157,12.5928254874016,11.653605225181456,7.858785212535789,-8.382704226704845,oil:WTI-CUSHING-SPOT,oil,20260928T054607431058Z-28fa2e2c,artifacts\runs\20260928T054607431058Z-28fa2e2c,2.528636500000175,artifacts\runs\20260928T054607431058Z-28fa2e2c\fold_predictions.parquet,artifacts\runs\20260928T054607431058Z-28fa2e2c\config.json,artifacts\runs\20260928T054607431058Z-28fa2e2c\data_manifest.json
holt_winters,1,validation,20,recursive,0.0593759000003046,0.0011832999998659,True,,11.66643229374012,146.64596429146314,12.10974666504065,17.199721937589192,15.74261361600105,10.937280275381358,-11.66643229374012,oil:WTI-CUSHING-SPOT,oil,20260928T054607431058Z-28fa2e2c,artifacts\runs\20260928T054607431058Z-28fa2e2c,2.528636500000175,artifacts\runs\20260928T054607431058Z-28fa2e2c\fold_predictions.parquet,artifacts\runs\20260928T054607431058Z-28fa2e2c\config.json,artifacts\runs\20260928T054607431058Z-28fa2e2c\data_manifest.json
arima,1,validation,1,recursive,0.0029543999999077,0.0010041000005003,True,1.0,0.1602327457930101,0.0256745328243674,0.1602327457930101,0.2116121840900821,0.2113885221557573,0.1502181991809469,-0.1602327457930101,oil:WTI-CUSHING-SPOT,oil,20260928T054607431058Z-28fa2e2c,artifacts\runs\20260928T054607431058Z-28fa2e2c,2.528636500000175,artifacts\runs\20260928T054607431058Z-28fa2e2c\fold_predictions.parquet,artifacts\runs\20260928T054607431058Z-28fa2e2c\config.json,artifacts\runs\20260928T054607431058Z-28fa2e2c\data_manifest.json
arima,1,validation,5,recursive,0.0029543999999077,0.0010041000005003,True,0.2,7.290507922814635,67.69727396606217,8.227835314714445,10.952796173177695,10.235148696044105,6.8348511776387175,-7.290507922814635,oil:WTI-CUSHING-SPOT,oil,20260928T054607431058Z-28fa2e2c,artifacts\runs\20260928T054607431058Z-28fa2e2c,2.528636500000175,artifacts\runs\20260928T054607431058Z-28fa2e2c\fold_predictions.parquet,artifacts\runs\20260928T054607431058Z-28fa2e2c\config.json,artifacts\runs\20260928T054607431058Z-28fa2e2c\data_manifest.json
arima,1,validation,20,recursive,0.0029543999999077,0.0010041000005003,True,0.65,7.60855728635277,62.42675249395701,7.901060213285114,11.247046241899408,10.60101900556999,7.133022455955719,-7.60855728635277,oil:WTI-CUSHING-SPOT,oil,20260928T054607431058Z-28fa2e2c,artifacts\runs\20260928T054607431058Z-28fa2e2c,2.528636500000175,artifacts\runs\20260928T054607431058Z-28fa2e2c\fold_predictions.parquet,artifacts\runs\20260928T054607431058Z-28fa2e2c\config.json,artifacts\runs\20260928T054607431058Z-28fa2e2c\data_manifest.json
sarima,1,validation,1,recursive,0.0074844000000666,0.0009342999992441,True,1.0,0.1516279632856765,0.0229910392501624,0.1516279632856765,0.200248234661485,0.2000479384288948,0.1421512155803216,-0.1516279632856765,oil:WTI-CUSHING-SPOT,oil,20260928T054607431058Z-28fa2e2c,artifacts\runs\20260928T054607431058Z-28fa2e2c,2.528636500000175,artifacts\runs\20260928T054607431058Z-28fa2e2c\fold_predictions.parquet,artifacts\runs\20260928T054607431058Z-28fa2e2c\config.json,artifacts\runs\20260928T054607431058Z-28fa2e2c\data_manifest.json
sarima,1,validation,5,recursive,0.0074844000000666,0.0009342999992441,True,0.2,7.84119813311406,78.14645685144065,8.840048464315151,11.778000328000884,10.954139841632609,7.351123249794428,-7.84119813311406,oil:WTI-CUSHING-SPOT,oil,20260928T054607431058Z-28fa2e2c,artifacts\runs\20260928T054607431058Z-28fa2e2c,2.528636500000175,artifacts\runs\20260928T054607431058Z-28fa2e2c\fold_predictions.parquet,artifacts\runs\20260928T054607431058Z-28fa2e2c\config.json,artifacts\runs\20260928T054607431058Z-28fa2e2c\data_manifest.json
sarima,1,validation,20,recursive,0.0074844000000666,0.0009342999992441,True,0.65,8.467880613659997,76.83655773584015,8.765646452820246,12.511928229860944,11.72272895897963,7.938638075306244,-8.467880613659997,oil:WTI-CUSHING-SPOT,oil,20260928T054607431058Z-28fa2e2c,artifacts\runs\20260928T054607431058Z-28fa2e2c,2.528636500000175,artifacts\runs\20260928T054607431058Z-28fa2e2c\fold_predictions.parquet,artifacts\runs\20260928T054607431058Z-28fa2e2c\config.json,artifacts\runs\20260928T054607431058Z-28fa2e2c\data_manifest.json
ridge,1,validation,1,recursive,0.0019068999999944,0.0097779999996419,True,,0.1229494236137469,0.0151165607669525,0.1229494236137469,0.1623737765633214,0.1622420572855271,0.1152650846378877,-0.1229494236137469,oil:WTI-CUSHING-SPOT,oil,20260928T054607431058Z-28fa2e2c,artifacts\runs\20260928T054607431058Z-28fa2e2c,2.528636500000175,artifacts\runs\20260928T054607431058Z-28fa2e2c\fold_predictions.parquet,artifacts\runs\20260928T054607431058Z-28fa2e2c\config.json,artifacts\runs\20260928T054607431058Z-28fa2e2c\data_manifest.json
ridge,1,validation,5,recursive,0.0019068999999944,0.0097779999996419,True,,6.346275566669758,51.16326220686607,7.152849935995167,9.526865256508584,8.980784131146601,5.949633343752895,-6.346275566669758,oil:WTI-CUSHING-SPOT,oil,20260928T054607431058Z-28fa2e2c,artifacts\runs\20260928T054607431058Z-28fa2e2c,2.528636500000175,artifacts\runs\20260928T054607431058Z-28fa2e2c\fold_predictions.parquet,artifacts\runs\20260928T054607431058Z-28fa2e2c\config.json,artifacts\runs\20260928T054607431058Z-28fa2e2c\data_manifest.json
ridge,1,validation,20,recursive,0.0019068999999944,0.0097779999996419,True,,2.7990095915740207,17.150137981332172,4.141272507494788,4.185644196697062,4.003814939509599,2.624071492100643,-2.5436511901387653,oil:WTI-CUSHING-SPOT,oil,20260928T054607431058Z-28fa2e2c,artifacts\runs\20260928T054607431058Z-28fa2e2c,2.528636500000175,artifacts\runs\20260928T054607431058Z-28fa2e2c\fold_predictions.parquet,artifacts\runs\20260928T054607431058Z-28fa2e2c\config.json,artifacts\runs\20260928T054607431058Z-28fa2e2c\data_manifest.json
lasso,1,validation,1,recursive,0.0017422000000806,0.0089625999999043,True,,0.3968570721407047,0.1574955357080925,0.3968570721407047,0.5241112944277665,0.522741421013674,0.3720535051319105,-0.3968570721407047,oil:WTI-CUSHING-SPOT,oil,20260928T054607431058Z-28fa2e2c,artifacts\runs\20260928T054607431058Z-28fa2e2c,2.528636500000175,artifacts\runs\20260928T054607431058Z-28fa2e2c\fold_predictions.parquet,artifacts\runs\20260928T054607431058Z-28fa2e2c\config.json,artifacts\runs\20260928T054607431058Z-28fa2e2c\data_manifest.json
lasso,1,validation,5,recursive,0.0017422000000806,0.0089625999999043,True,,6.577958660175779,54.12722119997214,7.357120442127623,9.865810895558113,9.288972329634236,6.16683624391479,-6.577958660175779,oil:WTI-CUSHING-SPOT,oil,20260928T054607431058Z-28fa2e2c,artifacts\runs\20260928T054607431058Z-28fa2e2c,2.528636500000175,artifacts\runs\20260928T054607431058Z-28fa2e2c\fold_predictions.parquet,artifacts\runs\20260928T054607431058Z-28fa2e2c\config.json,artifacts\runs\20260928T054607431058Z-28fa2e2c\data_manifest.json
lasso,1,validation,20,recursive,0.0017422000000806,0.0089625999999043,True,,2.94751694261009,18.56125609243666,4.308277624809787,4.405825351306837,4.208323408077286,2.763297133696958,-2.760667323821226,oil:WTI-CUSHING-SPOT,oil,20260928T054607431058Z-28fa2e2c,artifacts\runs\20260928T054607431058Z-28fa2e2c,2.528636500000175,artifacts\runs\20260928T054607431058Z-28fa2e2c\fold_predictions.parquet,artifacts\runs\20260928T054607431058Z-28fa2e2c\config.json,artifacts\runs\20260928T054607431058Z-28fa2e2c\data_manifest.json
random_forest,1,validation,1,recursive,0.0152012999997168,0.0383719000001292,True,,3.0516226805594613,9.312400984504912,3.0516226805594613,4.030140888219045,4.113021162014776,2.8608962630244936,3.0516226805594613,oil:WTI-CUSHING-SPOT,oil,20260928T054607431058Z-28fa2e2c,artifacts\runs\20260928T054607431058Z-28fa2e2c,2.528636500000175,artifacts\runs\20260928T054607431058Z-28fa2e2c\fold_predictions.parquet,artifacts\runs\20260928T054607431058Z-28fa2e2c\config.json,artifacts\runs\20260928T054607431058Z-28fa2e2c\data_manifest.json
random_forest,1,validation,5,recursive,0.0152012999997168,0.0383719000001292,True,,4.738596259230971,24.873097396481988,4.9872935943738055,7.027045572309558,6.791489494178372,4.4424339930290335,-3.5179471870071866,oil:WTI-CUSHING-SPOT,oil,20260928T054607431058Z-28fa2e2c,artifacts\runs\20260928T054607431058Z-28fa2e2c,2.528636500000175,artifacts\runs\20260928T054607431058Z-28fa2e2c\fold_predictions.parquet,artifacts\runs\20260928T054607431058Z-28fa2e2c\config.json,artifacts\runs\20260928T054607431058Z-28fa2e2c\data_manifest.json
random_forest,1,validation,20,recursive,0.0152012999997168,0.0383719000001292,True,,3.3454841564710187,13.791817479586754,3.713733630672339,4.9498982519006365,4.809814305697881,3.136391396691579,-3.0403218884150727,oil:WTI-CUSHING-SPOT,oil,20260928T054607431058Z-28fa2e2c,artifacts\runs\20260928T054607431058Z-28fa2e2c,2.528636500000175,artifacts\runs\20260928T054607431058Z-28fa2e2c\fold_predictions.parquet,artifacts\runs\20260928T054607431058Z-28fa2e2c\config.json,artifacts\runs\20260928T054607431058Z-28fa2e2c\data_manifest.json
xgboost,1,validation,1,recursive,0.0109572999999727,0.0118867000001046,True,,5.403883666992186,29.20195868638492,5.403883666992186,7.1366662268782175,7.400749626441241,5.066140937805173,5.403883666992186,oil:WTI-CUSHING-SPOT,oil,20260928T054607431058Z-28fa2e2c,artifacts\runs\20260928T054607431058Z-28fa2e2c,2.528636500000175,artifacts\runs\20260928T054607431058Z-28fa2e2c\fold_predictions.parquet,artifacts\runs\20260928T054607431058Z-28fa2e2c\config.json,artifacts\runs\20260928T054607431058Z-28fa2e2c\data_manifest.json
xgboost,1,validation,5,recursive,0.0109572999999727,0.0118867000001046,True,,2.968449584960936,11.450159757498271,3.3838084693874557,4.286227173282796,4.276419965453727,2.7829214859008764,-0.663671264648437,oil:WTI-CUSHING-SPOT,oil,20260928T054607431058Z-28fa2e2c,artifacts\runs\20260928T054607431058Z-28fa2e2c,2.528636500000175,artifacts\runs\20260928T054607431058Z-28fa2e2c\fold_predictions.parquet,artifacts\runs\20260928T054607431058Z-28fa2e2c\config.json,artifacts\runs\20260928T054607431058Z-28fa2e2c\data_manifest.json
xgboost,1,validation,20,recursive,0.0109572999999727,0.0118867000001046,True,,1.9136119842529289,5.18970359127436,2.278092094555082,2.780407672545906,2.7957785427635744,1.79401123523712,0.650779983520507,oil:WTI-CUSHING-SPOT,oil,20260928T054607431058Z-28fa2e2c,artifacts\runs\20260928T054607431058Z-28fa2e2c,2.528636500000175,artifacts\runs\20260928T054607431058Z-28fa2e2c\fold_predictions.parquet,artifacts\runs\20260928T054607431058Z-28fa2e2c\config.json,artifacts\runs\20260928T054607431058Z-28fa2e2c\data_manifest.json
rnn,1,validation,1,recursive,0.0119229000001723,0.0046495999995386,True,,10.292393746974696,105.93336904276384,10.292393746974696,13.592701726062725,14.58387289760232,9.649119137788771,10.292393746974696,oil:WTI-CUSHING-SPOT,oil,20260928T054607431058Z-28fa2e2c,artifacts\runs\20260928T054607431058Z-28fa2e2c,2.528636500000175,artifacts\runs\20260928T054607431058Z-28fa2e2c\fold_predictions.parquet,artifacts\runs\20260928T054607431058Z-28fa2e2c\config.json,artifacts\runs\20260928T054607431058Z-28fa2e2c\data_manifest.json
rnn,1,validation,5,recursive,0.0119229000001723,0.0046495999995386,True,,3.0395632995869675,22.558523959071472,4.749581450935595,4.18160179137002,4.378009599473422,2.8495905933627808,1.7884830378250172,oil:WTI-CUSHING-SPOT,oil,20260928T054607431058Z-28fa2e2c,artifacts\runs\20260928T054607431058Z-28fa2e2c,2.528636500000175,artifacts\runs\20260928T054607431058Z-28fa2e2c\fold_predictions.parquet,artifacts\runs\20260928T054607431058Z-28fa2e2c\config.json,artifacts\runs\20260928T054607431058Z-28fa2e2c\data_manifest.json
rnn,1,validation,20,recursive,0.0119229000001723,0.0046495999995386,True,,1.7659888586253956,7.488423568222227,2.736498413707237,2.5084432885716046,2.5762855540800693,1.6556145549613075,1.3036439484619038,oil:WTI-CUSHING-SPOT,oil,20260928T054607431058Z-28fa2e2c,artifacts\runs\20260928T054607431058Z-28fa2e2c,2.528636500000175,artifacts\runs\20260928T054607431058Z-28fa2e2c\fold_predictions.parquet,artifacts\runs\20260928T054607431058Z-28fa2e2c\config.json,artifacts\runs\20260928T054607431058Z-28fa2e2c\data_manifest.json
lstm,1,validation,1,recursive,0.0133692999997947,0.0049882999992405,True,,7.400235893059204,54.76349127292176,7.400235893059204,9.773158865635503,10.275267998307712,6.937721149743001,7.400235893059204,oil:WTI-CUSHING-SPOT,oil,20260928T054607431058Z-28fa2e2c,artifacts\runs\20260928T054607431058Z-28fa2e2c,2.528636500000175,artifacts\runs\20260928T054607431058Z-28fa2e2c\fold_predictions.parquet,artifacts\runs\20260928T054607431058Z-28fa2e2c\config.json,artifacts\runs\20260928T054607431058Z-28fa2e2c\data_manifest.json
lstm,1,validation,5,recursive,0.0133692999997947,0.0049882999992405,True,,2.8399992001554777,13.45523954544374,3.668138430518093,4.000084466092181,4.079344336286395,2.662499250145759,0.6378508673774889,oil:WTI-CUSHING-SPOT,oil,20260928T054607431058Z-28fa2e2c,artifacts\runs\20260928T054607431058Z-28fa2e2c,2.528636500000175,artifacts\runs\20260928T054607431058Z-28fa2e2c\fold_predictions.parquet,artifacts\runs\20260928T054607431058Z-28fa2e2c\config.json,artifacts\runs\20260928T054607431058Z-28fa2e2c\data_manifest.json
lstm,1,validation,20,recursive,0.0133692999997947,0.0049882999992405,True,,1.613904058749649,4.774172154416116,2.1849879071555787,2.318162216917208,2.349367934709638,1.5130350550777951,0.7385036481981281,oil:WTI-CUSHING-SPOT,oil,20260928T054607431058Z-28fa2e2c,artifacts\runs\20260928T054607431058Z-28fa2e2c,2.528636500000175,artifacts\runs\20260928T054607431058Z-28fa2e2c\fold_predictions.parquet,artifacts\runs\20260928T054607431058Z-28fa2e2c\config.json,artifacts\runs\20260928T054607431058Z-28fa2e2c\data_manifest.json
gru,1,validation,1,recursive,0.0250679000000673,0.011262699999861,True,,7.00143875275046,49.02014460851591,7.00143875275046,9.24648541039416,9.694694674734976,6.563848830703553,7.00143875275046,oil:WTI-CUSHING-SPOT,oil,20260928T054607431058Z-28fa2e2c,artifacts\runs\20260928T054607431058Z-28fa2e2c,2.528636500000175,artifacts\runs\20260928T054607431058Z-28fa2e2c\fold_predictions.parquet,artifacts\runs\20260928T054607431058Z-28fa2e2c\config.json,artifacts\runs\20260928T054607431058Z-28fa2e2c\data_manifest.json
gru,1,validation,5,recursive,0.0250679000000673,0.011262699999861,True,,2.489185694164852,11.56925058059559,3.4013601074563677,3.48628878634029,3.5619961943278247,2.333611588279547,0.7891176496433928,oil:WTI-CUSHING-SPOT,oil,20260928T054607431058Z-28fa2e2c,artifacts\runs\20260928T054607431058Z-28fa2e2c,2.528636500000175,artifacts\runs\20260928T054607431058Z-28fa2e2c\fold_predictions.parquet,artifacts\runs\20260928T054607431058Z-28fa2e2c\config.json,artifacts\runs\20260928T054607431058Z-28fa2e2c\data_manifest.json
gru,1,validation,20,recursive,0.0250679000000673,0.011262699999861,True,,2.119438112000207,6.829413984033083,2.613314750280395,3.049010942237691,3.1100270832321346,1.9869732300001928,1.648220169138046,oil:WTI-CUSHING-SPOT,oil,20260928T054607431058Z-28fa2e2c,artifacts\runs\20260928T054607431058Z-28fa2e2c,2.528636500000175,artifacts\runs\20260928T054607431058Z-28fa2e2c\fold_predictions.parquet,artifacts\runs\20260928T054607431058Z-28fa2e2c\config.json,artifacts\runs\20260928T054607431058Z-28fa2e2c\data_manifest.json
last_value,2,validation,1,recursive,1.1000000085914508e-05,7.000000550760888e-06,True,,0.1400000000000005,0.0196000000000001,0.1400000000000005,0.2047082906857736,0.2044989775051132,0.1281341332102758,-0.1400000000000005,oil:WTI-CUSHING-SPOT,oil,20260928T054607431058Z-28fa2e2c,artifacts\runs\20260928T054607431058Z-28fa2e2c,2.528636500000175,artifacts\runs\20260928T054607431058Z-28fa2e2c\fold_predictions.parquet,artifacts\runs\20260928T054607431058Z-28fa2e2c\config.json,artifacts\runs\20260928T054607431058Z-28fa2e2c\data_manifest.json
last_value,2,validation,5,recursive,1.1000000085914508e-05,7.000000550760888e-06,True,,1.4220000000000028,2.722060000000011,1.6498666612790291,2.134806490607765,2.104437035646749,1.3014766958929418,-1.4220000000000028,oil:WTI-CUSHING-SPOT,oil,20260928T054607431058Z-28fa2e2c,artifacts\runs\20260928T054607431058Z-28fa2e2c,2.528636500000175,artifacts\runs\20260928T054607431058Z-28fa2e2c\fold_predictions.parquet,artifacts\runs\20260928T054607431058Z-28fa2e2c\config.json,artifacts\runs\20260928T054607431058Z-28fa2e2c\data_manifest.json
last_value,2,validation,20,recursive,1.1000000085914508e-05,7.000000550760888e-06,True,,2.447500000000001,7.968875000000007,2.822919587944369,3.7232037065868377,3.644841486433161,2.240059221658207,-1.8345000000000016,oil:WTI-CUSHING-SPOT,oil,20260928T054607431058Z-28fa2e2c,artifacts\runs\20260928T054607431058Z-28fa2e2c,2.528636500000175,artifacts\runs\20260928T054607431058Z-28fa2e2c\fold_predictions.parquet,artifacts\runs\20260928T054607431058Z-28fa2e2c\config.json,artifacts\runs\20260928T054607431058Z-28fa2e2c\data_manifest.json
drift,2,validation,1,recursive,1.0400000064691994e-05,2.0899999981338624e-05,True,,0.0981512605041956,0.0096336699385624,0.0981512605041956,0.1435169769033421,0.143414065137972,0.0898323334871502,-0.0981512605041956,oil:WTI-CUSHING-SPOT,oil,20260928T054607431058Z-28fa2e2c,artifacts\runs\20260928T054607431058Z-28fa2e2c,2.528636500000175,artifacts\runs\20260928T054607431058Z-28fa2e2c\fold_predictions.parquet,artifacts\runs\20260928T054607431058Z-28fa2e2c\config.json,artifacts\runs\20260928T054607431058Z-28fa2e2c\data_manifest.json
drift,2,validation,5,recursive,1.0400000064691994e-05,2.0899999981338624e-05,True,,1.296453781512605,2.3102824701645384,1.519961338378229,1.946881690362584,1.9210641647179836,1.1865712967235806,-1.296453781512605,oil:WTI-CUSHING-SPOT,oil,20260928T054607431058Z-28fa2e2c,artifacts\runs\20260928T054607431058Z-28fa2e2c,2.528636500000175,artifacts\runs\20260928T054607431058Z-28fa2e2c\fold_predictions.parquet,artifacts\runs\20260928T054607431058Z-28fa2e2c\config.json,artifacts\runs\20260928T054607431058Z-28fa2e2c\data_manifest.json
drift,2,validation,20,recursive,1.0400000064691994e-05,2.0899999981338624e-05,True,,2.1363739495798315,5.927087308452792,2.434561009392205,3.2389950210135665,3.1889887769018093,1.9553030303030292,-1.3950882352941183,oil:WTI-CUSHING-SPOT,oil,20260928T054607431058Z-28fa2e2c,artifacts\runs\20260928T054607431058Z-28fa2e2c,2.528636500000175,artifacts\runs\20260928T054607431058Z-28fa2e2c\fold_predictions.parquet,artifacts\runs\20260928T054607431058Z-28fa2e2c\config.json,artifacts\runs\20260928T054607431058Z-28fa2e2c\data_manifest.json
seasonal_naive,2,validation,1,recursive,1.089999932446517e-05,1.900000006571645e-05,True,,0.2000000000000028,0.0400000000000011,0.2000000000000028,0.2924404152653938,0.2928686484111918,0.1830487617289673,0.2000000000000028,oil:WTI-CUSHING-SPOT,oil,20260928T054607431058Z-28fa2e2c,artifacts\runs\20260928T054607431058Z-28fa2e2c,2.528636500000175,artifacts\runs\20260928T054607431058Z-28fa2e2c\fold_predictions.parquet,artifacts\runs\20260928T054607431058Z-28fa2e2c\config.json,artifacts\runs\20260928T054607431058Z-28fa2e2c\data_manifest.json
seasonal_naive,2,validation,5,recursive,1.089999932446517e-05,1.900000006571645e-05,True,,1.0460000000000036,1.68578000000001,1.2983759085873436,1.5689792645454577,1.550393110246289,0.9573450238424888,-0.9660000000000024,oil:WTI-CUSHING-SPOT,oil,20260928T054607431058Z-28fa2e2c,artifacts\runs\20260928T054607431058Z-28fa2e2c,2.528636500000175,artifacts\runs\20260928T054607431058Z-28fa2e2c\fold_predictions.parquet,artifacts\runs\20260928T054607431058Z-28fa2e2c\config.json,artifacts\runs\20260928T054607431058Z-28fa2e2c\data_manifest.json
seasonal_naive,2,validation,20,recursive,1.089999932446517e-05,1.900000006571645e-05,True,,2.205500000000001,6.917655000000008,2.630143532205041,3.342513509960033,3.288901451385551,2.0185702199661595,-1.3785000000000014,oil:WTI-CUSHING-SPOT,oil,20260928T054607431058Z-28fa2e2c,artifacts\runs\20260928T054607431058Z-28fa2e2c,2.528636500000175,artifacts\runs\20260928T054607431058Z-28fa2e2c\fold_predictions.parquet,artifacts\runs\20260928T054607431058Z-28fa2e2c\config.json,artifacts\runs\20260928T054607431058Z-28fa2e2c\data_manifest.json
exponential_smoothing,2,validation,1,recursive,0.0157963999999992,0.0013189000001148,True,,0.0981499979144757,0.0096334220906115,0.0981499979144757,0.1435151307420321,0.1434122216233507,0.0898311779097262,-0.0981499979144757,oil:WTI-CUSHING-SPOT,oil,20260928T054607431058Z-28fa2e2c,artifacts\runs\20260928T054607431058Z-28fa2e2c,2.528636500000175,artifacts\runs\20260928T054607431058Z-28fa2e2c\fold_predictions.parquet,artifacts\runs\20260928T054607431058Z-28fa2e2c\config.json,artifacts\runs\20260928T054607431058Z-28fa2e2c\data_manifest.json
exponential_smoothing,2,validation,5,recursive,0.0157963999999992,0.0013189000001148,True,,1.2964499881361091,2.310270608912492,1.5199574365463304,1.9468760122002808,1.9210586178117235,1.186567824859229,-1.2964499881361091,oil:WTI-CUSHING-SPOT,oil,20260928T054607431058Z-28fa2e2c,artifacts\runs\20260928T054607431058Z-28fa2e2c,2.528636500000175,artifacts\runs\20260928T054607431058Z-28fa2e2c\fold_predictions.parquet,artifacts\runs\20260928T054607431058Z-28fa2e2c\config.json,artifacts\runs\20260928T054607431058Z-28fa2e2c\data_manifest.json
exponential_smoothing,2,validation,20,recursive,0.0157963999999992,0.0013189000001148,True,,2.1363649669689937,5.92703317739357,2.4345498921553386,3.2389810014335696,3.188975546874441,1.9552948090240747,-1.3950749514672345,oil:WTI-CUSHING-SPOT,oil,20260928T054607431058Z-28fa2e2c,artifacts\runs\20260928T054607431058Z-28fa2e2c,2.528636500000175,artifacts\runs\20260928T054607431058Z-28fa2e2c\fold_predictions.parquet,artifacts\runs\20260928T054607431058Z-28fa2e2c\config.json,artifacts\runs\20260928T054607431058Z-28fa2e2c\data_manifest.json
holt_winters,2,validation,1,recursive,0.0822342000001299,0.0022890000000188,True,,0.2182463897502486,0.0476314866390174,0.2182463897502486,0.319120324243674,0.3196303269114846,0.1997486569780002,0.2182463897502486,oil:WTI-CUSHING-SPOT,oil,20260928T054607431058Z-28fa2e2c,artifacts\runs\20260928T054607431058Z-28fa2e2c,2.528636500000175,artifacts\runs\20260928T054607431058Z-28fa2e2c\fold_predictions.parquet,artifacts\runs\20260928T054607431058Z-28fa2e2c\config.json,artifacts\runs\20260928T054607431058Z-28fa2e2c\data_manifest.json
holt_winters,2,validation,5,recursive,0.0822342000001299,0.0022890000000188,True,,1.1763837594351827,1.8822677015814453,1.3719576165397551,1.76593606114666,1.7450743713122254,1.0766779524133727,-1.089085203535083,oil:WTI-CUSHING-SPOT,oil,20260928T054607431058Z-28fa2e2c,artifacts\runs\20260928T054607431058Z-28fa2e2c,2.528636500000175,artifacts\runs\20260928T054607431058Z-28fa2e2c\fold_predictions.parquet,artifacts\runs\20260928T054607431058Z-28fa2e2c\config.json,artifacts\runs\20260928T054607431058Z-28fa2e2c\data_manifest.json
holt_winters,2,validation,20,recursive,0.0822342000001299,0.0022890000000188,True,,2.0083777830173686,5.397233409774618,2.3231946560231704,3.0397707519388315,3.0002416237829665,1.838155331326464,-1.1679513597848452,oil:WTI-CUSHING-SPOT,oil,20260928T054607431058Z-28fa2e2c,artifacts\runs\20260928T054607431058Z-28fa2e2c,2.528636500000175,artifacts\runs\20260928T054607431058Z-28fa2e2c\fold_predictions.parquet,artifacts\runs\20260928T054607431058Z-28fa2e2c\config.json,artifacts\runs\20260928T054607431058Z-28fa2e2c\data_manifest.json
arima,2,validation,1,recursive,0.0068306000002849,0.0016283000004477,True,1.0,0.1324132611972572,0.017533271740893,0.1324132611972572,0.1936149454558521,0.193427692994708,0.1211904174932596,-0.1324132611972572,oil:WTI-CUSHING-SPOT,oil,20260928T054607431058Z-28fa2e2c,artifacts\runs\20260928T054607431058Z-28fa2e2c,2.528636500000175,artifacts\runs\20260928T054607431058Z-28fa2e2c\fold_predictions.parquet,artifacts\runs\20260928T054607431058Z-28fa2e2c\config.json,artifacts\runs\20260928T054607431058Z-28fa2e2c\data_manifest.json
arima,2,validation,5,recursive,0.0068306000002849,0.0016283000004477,True,1.0,1.4142079937216323,2.6998261275707094,1.6431147639683326,2.123192072772179,2.093067881240036,1.2943451103897416,-1.4142079937216323,oil:WTI-CUSHING-SPOT,oil,20260928T054607431058Z-28fa2e2c,artifacts\runs\20260928T054607431058Z-28fa2e2c,2.528636500000175,artifacts\runs\20260928T054607431058Z-28fa2e2c\fold_predictions.parquet,artifacts\runs\20260928T054607431058Z-28fa2e2c\config.json,artifacts\runs\20260928T054607431058Z-28fa2e2c\data_manifest.json
arima,2,validation,20,recursive,0.0068306000002849,0.0016283000004477,True,1.0,2.442021509907608,7.940155618256597,2.817828174012141,3.7147832162862784,3.6368510634208193,2.2350450675204216,-1.8266678508921177,oil:WTI-CUSHING-SPOT,oil,20260928T054607431058Z-28fa2e2c,artifacts\runs\20260928T054607431058Z-28fa2e2c,2.528636500000175,artifacts\runs\20260928T054607431058Z-28fa2e2c\fold_predictions.parquet,artifacts\runs\20260928T054607431058Z-28fa2e2c\config.json,artifacts\runs\20260928T054607431058Z-28fa2e2c\data_manifest.json
sarima,2,validation,1,recursive,0.0164951000006112,0.0017295999996349,True,1.0,0.1971479092892707,0.0388672981371305,0.1971479092892707,0.2882700823062885,0.2878551821210768,0.1804384033642763,-0.1971479092892707,oil:WTI-CUSHING-SPOT,oil,20260928T054607431058Z-28fa2e2c,artifacts\runs\20260928T054607431058Z-28fa2e2c,2.528636500000175,artifacts\runs\20260928T054607431058Z-28fa2e2c\fold_predictions.parquet,artifacts\runs\20260928T054607431058Z-28fa2e2c\config.json,artifacts\runs\20260928T054607431058Z-28fa2e2c\data_manifest.json
sarima,2,validation,5,recursive,0.0164951000006112,0.0017295999996349,True,1.0,1.484023730857294,2.9151316454972487,1.7073756603329124,2.2273820274108798,2.1948793305228644,1.3582435315491304,-1.484023730857294,oil:WTI-CUSHING-SPOT,oil,20260928T054607431058Z-28fa2e2c,artifacts\runs\20260928T054607431058Z-28fa2e2c,2.528636500000175,artifacts\runs\20260928T054607431058Z-28fa2e2c\fold_predictions.parquet,artifacts\runs\20260928T054607431058Z-28fa2e2c\config.json,artifacts\runs\20260928T054607431058Z-28fa2e2c\data_manifest.json
sarima,2,validation,20,recursive,0.0164951000006112,0.0017295999996349,True,1.0,2.4813780469535414,8.138932483946403,2.8528814353117453,3.775030476848367,3.6942324235280752,2.271065894381413,-1.8801298344057085,oil:WTI-CUSHING-SPOT,oil,20260928T054607431058Z-28fa2e2c,artifacts\runs\20260928T054607431058Z-28fa2e2c,2.528636500000175,artifacts\runs\20260928T054607431058Z-28fa2e2c\fold_predictions.parquet,artifacts\runs\20260928T054607431058Z-28fa2e2c\config.json,artifacts\runs\20260928T054607431058Z-28fa2e2c\data_manifest.json
ridge,2,validation,1,recursive,0.0029930000000604,0.0152625000000625,True,,0.3295525294495434,0.1086048696665921,0.3295525294495434,0.4818723928199201,0.480714178362969,0.3016209122019355,-0.3295525294495434,oil:WTI-CUSHING-SPOT,oil,20260928T054607431058Z-28fa2e2c,artifacts\runs\20260928T054607431058Z-28fa2e2c,2.528636500000175,artifacts\runs\20260928T054607431058Z-28fa2e2c\fold_predictions.parquet,artifacts\runs\20260928T054607431058Z-28fa2e2c\config.json,artifacts\runs\20260928T054607431058Z-28fa2e2c\data_manifest.json
ridge,2,validation,5,recursive,0.0029930000000604,0.0152625000000625,True,,1.1996509130818225,1.950630900167965,1.3966498846052882,1.8007879394068669,1.7789465769926187,1.0979730707332476,-1.1996509130818225,oil:WTI-CUSHING-SPOT,oil,20260928T054607431058Z-28fa2e2c,artifacts\runs\20260928T054607431058Z-28fa2e2c,2.528636500000175,artifacts\runs\20260928T054607431058Z-28fa2e2c\fold_predictions.parquet,artifacts\runs\20260928T054607431058Z-28fa2e2c\config.json,artifacts\runs\20260928T054607431058Z-28fa2e2c\data_manifest.json
ridge,2,validation,20,recursive,0.0029930000000604,0.0152625000000625,True,,1.821855598042744,4.414731421295458,2.101126226882968,2.740616593297577,2.7224869875208237,1.6674420563535342,-0.7675873816926302,oil:WTI-CUSHING-SPOT,oil,20260928T054607431058Z-28fa2e2c,artifacts\runs\20260928T054607431058Z-28fa2e2c,2.528636500000175,artifacts\runs\20260928T054607431058Z-28fa2e2c\fold_predictions.parquet,artifacts\runs\20260928T054607431058Z-28fa2e2c\config.json,artifacts\runs\20260928T054607431058Z-28fa2e2c\data_manifest.json
lasso,2,validation,1,recursive,0.0040541000007578,0.0140791000003446,True,,0.3266154886026697,0.1066776773951607,0.3266154886026697,0.4775778455953644,0.476440159271265,0.2989328037510975,-0.3266154886026697,oil:WTI-CUSHING-SPOT,oil,20260928T054607431058Z-28fa2e2c,artifacts\runs\20260928T054607431058Z-28fa2e2c,2.528636500000175,artifacts\runs\20260928T054607431058Z-28fa2e2c\fold_predictions.parquet,artifacts\runs\20260928T054607431058Z-28fa2e2c\config.json,artifacts\runs\20260928T054607431058Z-28fa2e2c\data_manifest.json
lasso,2,validation,5,recursive,0.0040541000007578,0.0140791000003446,True,,1.2306285127147871,2.004150537187941,1.415680238326417,1.8467329316904844,1.8243077228397808,1.126325127003997,-1.2306285127147871,oil:WTI-CUSHING-SPOT,oil,20260928T054607431058Z-28fa2e2c,artifacts\runs\20260928T054607431058Z-28fa2e2c,2.528636500000175,artifacts\runs\20260928T054607431058Z-28fa2e2c\fold_predictions.parquet,artifacts\runs\20260928T054607431058Z-28fa2e2c\config.json,artifacts\runs\20260928T054607431058Z-28fa2e2c\data_manifest.json
lasso,2,validation,20,recursive,0.0040541000007578,0.0140791000003446,True,,1.8337273349291177,4.433258056872534,2.1055303504990217,2.758328357275503,2.7399410813092486,1.6783075900366478,-0.7785582615656036,oil:WTI-CUSHING-SPOT,oil,20260928T054607431058Z-28fa2e2c,artifacts\runs\20260928T054607431058Z-28fa2e2c,2.528636500000175,artifacts\runs\20260928T054607431058Z-28fa2e2c\fold_predictions.parquet,artifacts\runs\20260928T054607431058Z-28fa2e2c\config.json,artifacts\runs\20260928T054607431058Z-28fa2e2c\data_manifest.json
random_forest,2,validation,1,recursive,0.023224300000038,0.0466511999993599,True,,0.0187472878813252,0.0003514608029052,0.0187472878813252,0.0274123232655728,0.027408566603133,0.0171583391622651,-0.0187472878813252,oil:WTI-CUSHING-SPOT,oil,20260928T054607431058Z-28fa2e2c,artifacts\runs\20260928T054607431058Z-28fa2e2c,2.528636500000175,artifacts\runs\20260928T054607431058Z-28fa2e2c\fold_predictions.parquet,artifacts\runs\20260928T054607431058Z-28fa2e2c\config.json,artifacts\runs\20260928T054607431058Z-28fa2e2c\data_manifest.json
random_forest,2,validation,5,recursive,0.023224300000038,0.0466511999993599,True,,1.1868139545480063,2.027783454377707,1.4240026174054972,1.7833525840679796,1.7606593250566922,1.086224123913342,-1.1868139545480063,oil:WTI-CUSHING-SPOT,oil,20260928T054607431058Z-28fa2e2c,artifacts\runs\20260928T054607431058Z-28fa2e2c,2.528636500000175,artifacts\runs\20260928T054607431058Z-28fa2e2c\fold_predictions.parquet,artifacts\runs\20260928T054607431058Z-28fa2e2c\config.json,artifacts\runs\20260928T054607431058Z-28fa2e2c\data_manifest.json
random_forest,2,validation,20,recursive,0.023224300000038,0.0466511999993599,True,,2.2835653278570103,7.062554547405765,2.65754671594043,3.4695933715640512,3.405324324365328,2.090019027957116,-1.5780121917274963,oil:WTI-CUSHING-SPOT,oil,20260928T054607431058Z-28fa2e2c,artifacts\runs\20260928T054607431058Z-28fa2e2c,2.528636500000175,artifacts\runs\20260928T054607431058Z-28fa2e2c\fold_predictions.parquet,artifacts\runs\20260928T054607431058Z-28fa2e2c\config.json,artifacts\runs\20260928T054607431058Z-28fa2e2c\data_manifest.json
xgboost,2,validation,1,recursive,0.0106687999996211,0.0128009999998539,True,,0.4688040161132818,0.2197772055239422,0.4688040161132818,0.6854862057512529,0.6878437427380492,0.4290699732155093,0.4688040161132818,oil:WTI-CUSHING-SPOT,oil,20260928T054607431058Z-28fa2e2c,artifacts\runs\20260928T054607431058Z-28fa2e2c,2.528636500000175,artifacts\runs\20260928T054607431058Z-28fa2e2c\fold_predictions.parquet,artifacts\runs\20260928T054607431058Z-28fa2e2c\config.json,artifacts\runs\20260928T054607431058Z-28fa2e2c\data_manifest.json
xgboost,2,validation,5,recursive,0.0106687999996211,0.0128009999998539,True,,0.498398254394533,0.4419716764798976,0.6648095039031088,0.7481731775341149,0.7441337288175975,0.4561559165739841,-0.3108766479492203,oil:WTI-CUSHING-SPOT,oil,20260928T054607431058Z-28fa2e2c,artifacts\runs\20260928T054607431058Z-28fa2e2c,2.528636500000175,artifacts\runs\20260928T054607431058Z-28fa2e2c\fold_predictions.parquet,artifacts\runs\20260928T054607431058Z-28fa2e2c\config.json,artifacts\runs\20260928T054607431058Z-28fa2e2c\data_manifest.json
xgboost,2,validation,20,recursive,0.0106687999996211,0.0128009999998539,True,,1.8108473358154304,4.7897707373803,2.1885544858148496,2.7241331188279463,2.70808239206543,1.6573668125060463,-0.5579580230712896,oil:WTI-CUSHING-SPOT,oil,20260928T054607431058Z-28fa2e2c,artifacts\runs\20260928T054607431058Z-28fa2e2c,2.528636500000175,artifacts\runs\20260928T054607431058Z-28fa2e2c\fold_predictions.parquet,artifacts\runs\20260928T054607431058Z-28fa2e2c\config.json,artifacts\runs\20260928T054607431058Z-28fa2e2c\data_manifest.json
rnn,2,validation,1,recursive,0.0237548000004608,0.0057807000002867,True,,1.7361535360760882,3.014229100829505,1.7361535360760882,2.538607305272829,2.5712442018450514,1.5890037747504573,1.7361535360760882,oil:WTI-CUSHING-SPOT,oil,20260928T054607431058Z-28fa2e2c,artifacts\runs\20260928T054607431058Z-28fa2e2c,2.528636500000175,artifacts\runs\20260928T054607431058Z-28fa2e2c\fold_predictions.parquet,artifacts\runs\20260928T054607431058Z-28fa2e2c\config.json,artifacts\runs\20260928T054607431058Z-28fa2e2c\data_manifest.json
rnn,2,validation,5,recursive,0.0237548000004608,0.0057807000002867,True,,0.7841971102647506,0.8847792178921227,0.9406270344255064,1.1635985076389743,1.1685484689143062,0.7177315499269751,0.2199893516926522,oil:WTI-CUSHING-SPOT,oil,20260928T054607431058Z-28fa2e2c,artifacts\runs\20260928T054607431058Z-28fa2e2c,2.528636500000175,artifacts\runs\20260928T054607431058Z-28fa2e2c\fold_predictions.parquet,artifacts\runs\20260928T054607431058Z-28fa2e2c\config.json,artifacts\runs\20260928T054607431058Z-28fa2e2c\data_manifest.json
rnn,2,validation,20,recursive,0.0237548000004608,0.0057807000002867,True,,1.8422039664402068,4.697913905755195,2.167467163708644,2.75827344720297,2.7544209329144067,1.6860657745453358,-0.225734721011452,oil:WTI-CUSHING-SPOT,oil,20260928T054607431058Z-28fa2e2c,artifacts\runs\20260928T054607431058Z-28fa2e2c,2.528636500000175,artifacts\runs\20260928T054607431058Z-28fa2e2c\fold_predictions.parquet,artifacts\runs\20260928T054607431058Z-28fa2e2c\config.json,artifacts\runs\20260928T054607431058Z-28fa2e2c\data_manifest.json
lstm,2,validation,1,recursive,0.0208474000000933,0.0085160999997242,True,,0.7002255283697849,0.4903157905807444,0.7002255283697849,1.023871221479434,1.0291397543663143,0.640877079495496,0.7002255283697849,oil:WTI-CUSHING-SPOT,oil,20260928T054607431058Z-28fa2e2c,artifacts\runs\20260928T054607431058Z-28fa2e2c,2.528636500000175,artifacts\runs\20260928T054607431058Z-28fa2e2c\fold_predictions.parquet,artifacts\runs\20260928T054607431058Z-28fa2e2c\config.json,artifacts\runs\20260928T054607431058Z-28fa2e2c\data_manifest.json
lstm,2,validation,5,recursive,0.0208474000000933,0.0085160999997242,True,,0.7506642644870254,0.8323705754174446,0.9123434525536118,1.125344402418322,1.118104376494705,0.6870408204426703,-0.4705740531391115,oil:WTI-CUSHING-SPOT,oil,20260928T054607431058Z-28fa2e2c,artifacts\runs\20260928T054607431058Z-28fa2e2c,2.528636500000175,artifacts\runs\20260928T054607431058Z-28fa2e2c\fold_predictions.parquet,artifacts\runs\20260928T054607431058Z-28fa2e2c\config.json,artifacts\runs\20260928T054607431058Z-28fa2e2c\data_manifest.json
lstm,2,validation,20,recursive,0.0208474000000933,0.0085160999997242,True,,1.8834415590989988,4.978526172629562,2.231261117088173,2.8391183197032306,2.815763379314428,1.7238082259097125,-0.7300114025188688,oil:WTI-CUSHING-SPOT,oil,20260928T054607431058Z-28fa2e2c,artifacts\runs\20260928T054607431058Z-28fa2e2c,2.528636500000175,artifacts\runs\20260928T054607431058Z-28fa2e2c\fold_predictions.parquet,artifacts\runs\20260928T054607431058Z-28fa2e2c\config.json,artifacts\runs\20260928T054607431058Z-28fa2e2c\data_manifest.json
gru,2,validation,1,recursive,0.0393013000002611,0.010548799999924,True,,0.8810397269130448,0.7762310003990125,0.8810397269130448,1.2882581180187818,1.2966099595502547,0.8063661552272905,0.8810397269130448,oil:WTI-CUSHING-SPOT,oil,20260928T054607431058Z-28fa2e2c,artifacts\runs\20260928T054607431058Z-28fa2e2c,2.528636500000175,artifacts\runs\20260928T054607431058Z-28fa2e2c\fold_predictions.parquet,artifacts\runs\20260928T054607431058Z-28fa2e2c\config.json,artifacts\runs\20260928T054607431058Z-28fa2e2c\data_manifest.json
gru,2,validation,5,recursive,0.0393013000002611,0.010548799999924,True,,0.5884646803297529,0.5097590830302632,0.7139741473122561,0.8790692559312554,0.8769470366841173,0.5385886552779616,-0.1222124390548913,oil:WTI-CUSHING-SPOT,oil,20260928T054607431058Z-28fa2e2c,artifacts\runs\20260928T054607431058Z-28fa2e2c,2.528636500000175,artifacts\runs\20260928T054607431058Z-28fa2e2c\fold_predictions.parquet,artifacts\runs\20260928T054607431058Z-28fa2e2c\config.json,artifacts\runs\20260928T054607431058Z-28fa2e2c\data_manifest.json
gru,2,validation,20,recursive,0.0393013000002611,0.010548799999924,True,,1.7154699325972818,4.296021359183476,2.072684577832207,2.563548008083639,2.565050153943339,1.5700732347260151,-0.1626036006474581,oil:WTI-CUSHING-SPOT,oil,20260928T054607431058Z-28fa2e2c,artifacts\runs\20260928T054607431058Z-28fa2e2c,2.528636500000175,artifacts\runs\20260928T054607431058Z-28fa2e2c\fold_predictions.parquet,artifacts\runs\20260928T054607431058Z-28fa2e2c\config.json,artifacts\runs\20260928T054607431058Z-28fa2e2c\data_manifest.json
last_value,3,validation,1,recursive,1.1800000720540991e-05,7.499999810534064e-06,True,,0.730000000000004,0.5329000000000058,0.730000000000004,1.131607502712764,1.138046613142106,0.6796838368276545,0.730000000000004,oil:WTI-CUSHING-SPOT,oil,20260928T054607431058Z-28fa2e2c,artifacts\runs\20260928T054607431058Z-28fa2e2c,2.528636500000175,artifacts\runs\20260928T054607431058Z-28fa2e2c\fold_predictions.parquet,artifacts\runs\20260928T054607431058Z-28fa2e2c\config.json,artifacts\runs\20260928T054607431058Z-28fa2e2c\data_manifest.json
last_value,3,validation,5,recursive,1.1800000720540991e-05,7.499999810534064e-06,True,,0.5239999999999995,0.3118800000000004,0.5584621741890855,0.8155586850792266,0.818546995988975,0.4878826445173817,0.364,oil:WTI-CUSHING-SPOT,oil,20260928T054607431058Z-28fa2e2c,artifacts\runs\20260928T054607431058Z-28fa2e2c,2.528636500000175,artifacts\runs\20260928T054607431058Z-28fa2e2c\fold_predictions.parquet,artifacts\runs\20260928T054607431058Z-28fa2e2c\config.json,artifacts\runs\20260928T054607431058Z-28fa2e2c\data_manifest.json
last_value,3,validation,20,recursive,1.1800000720540991e-05,7.499999810534064e-06,True,,0.759,0.8551400000000002,0.9247378006764946,1.1852251686650808,1.1875129430511533,0.706684975550941,0.1509999999999994,oil:WTI-CUSHING-SPOT,oil,20260928T054607431058Z-28fa2e2c,artifacts\runs\20260928T054607431058Z-28fa2e2c,2.528636500000175,artifacts\runs\20260928T054607431058Z-28fa2e2c\fold_predictions.parquet,artifacts\runs\20260928T054607431058Z-28fa2e2c\config.json,artifacts\runs\20260928T054607431058Z-28fa2e2c\data_manifest.json
drift,3,validation,1,recursive,1.120000069931848e-05,1.1000000085914508e-05,True,,0.8000000000000043,0.6400000000000068,0.8000000000000043,1.2401178111920697,1.247855248791147,0.744858999263183,0.8000000000000043,oil:WTI-CUSHING-SPOT,oil,20260928T054607431058Z-28fa2e2c,artifacts\runs\20260928T054607431058Z-28fa2e2c,2.528636500000175,artifacts\runs\20260928T054607431058Z-28fa2e2c\fold_predictions.parquet,artifacts\runs\20260928T054607431058Z-28fa2e2c\config.json,artifacts\runs\20260928T054607431058Z-28fa2e2c\data_manifest.json
drift,3,validation,5,recursive,1.120000069931848e-05,1.1000000085914508e-05,True,,0.6780000000000002,0.5276200000000011,0.7263745590258521,1.0544929931485394,1.060562258570492,0.6312680018755443,0.574000000000001,oil:WTI-CUSHING-SPOT,oil,20260928T054607431058Z-28fa2e2c,artifacts\runs\20260928T054607431058Z-28fa2e2c,2.528636500000175,artifacts\runs\20260928T054607431058Z-28fa2e2c\fold_predictions.parquet,artifacts\runs\20260928T054607431058Z-28fa2e2c\config.json,artifacts\runs\20260928T054607431058Z-28fa2e2c\data_manifest.json
drift,3,validation,20,recursive,1.120000069931848e-05,1.1000000085914508e-05,True,,0.9830000000000002,1.4291400000000016,1.1954664361662362,1.5251331737558276,1.5418190143876322,0.9152454953446314,0.8860000000000003,oil:WTI-CUSHING-SPOT,oil,20260928T054607431058Z-28fa2e2c,artifacts\runs\20260928T054607431058Z-28fa2e2c,2.528636500000175,artifacts\runs\20260928T054607431058Z-28fa2e2c\fold_predictions.parquet,artifacts\runs\20260928T054607431058Z-28fa2e2c\config.json,artifacts\runs\20260928T054607431058Z-28fa2e2c\data_manifest.json
seasonal_naive,3,validation,1,recursive,9.899999895424116e-06,1.890000021376181e-05,True,,0.519999999999996,0.2703999999999958,0.519999999999996,0.8060765772748348,0.802840821367911,0.4841583495210626,-0.519999999999996,oil:WTI-CUSHING-SPOT,oil,20260928T054607431058Z-28fa2e2c,artifacts\runs\20260928T054607431058Z-28fa2e2c,2.528636500000175,artifacts\runs\20260928T054607431058Z-28fa2e2c\fold_predictions.parquet,artifacts\runs\20260928T054607431058Z-28fa2e2c\config.json,artifacts\runs\20260928T054607431058Z-28fa2e2c\data_manifest.json
seasonal_naive,3,validation,5,recursive,9.899999895424116e-06,1.890000021376181e-05,True,,0.519999999999996,0.3021999999999959,0.5497272050753864,0.8120287925573436,0.8100480007432163,0.4841583495210626,-0.1959999999999979,oil:WTI-CUSHING-SPOT,oil,20260928T054607431058Z-28fa2e2c,artifacts\runs\20260928T054607431058Z-28fa2e2c,2.528636500000175,artifacts\runs\20260928T054607431058Z-28fa2e2c\fold_predictions.parquet,artifacts\runs\20260928T054607431058Z-28fa2e2c\config.json,artifacts\runs\20260928T054607431058Z-28fa2e2c\data_manifest.json
seasonal_naive,3,validation,20,recursive,9.899999895424116e-06,1.890000021376181e-05,True,,0.7629999999999985,1.0991699999999962,1.0484130865264876,1.20412201930761,1.1931219309107453,0.7104092705472556,-0.4089999999999986,oil:WTI-CUSHING-SPOT,oil,20260928T054607431058Z-28fa2e2c,artifacts\runs\20260928T054607431058Z-28fa2e2c,2.528636500000175,artifacts\runs\20260928T054607431058Z-28fa2e2c\fold_predictions.parquet,artifacts\runs\20260928T054607431058Z-28fa2e2c\config.json,artifacts\runs\20260928T054607431058Z-28fa2e2c\data_manifest.json
exponential_smoothing,3,validation,1,recursive,0.0177507999997033,0.0018712999999479,True,,0.8000001177686755,0.6400001884298947,0.8000001177686755,1.2401179937508533,1.2478554336351069,0.7448591089145012,0.8000001177686755,oil:WTI-CUSHING-SPOT,oil,20260928T054607431058Z-28fa2e2c,artifacts\runs\20260928T054607431058Z-28fa2e2c,2.528636500000175,artifacts\runs\20260928T054607431058Z-28fa2e2c\fold_predictions.parquet,artifacts\runs\20260928T054607431058Z-28fa2e2c\config.json,artifacts\runs\20260928T054607431058Z-28fa2e2c\data_manifest.json
exponential_smoothing,3,validation,5,recursive,0.0177507999997033,0.0018712999999479,True,,0.6780002862707889,0.5276204995788223,0.726374902910902,1.0544934373542048,1.0605627095166894,0.6312682684147608,0.5740003872806554,oil:WTI-CUSHING-SPOT,oil,20260928T054607431058Z-28fa2e2c,artifacts\runs\20260928T054607431058Z-28fa2e2c,2.528636500000175,artifacts\runs\20260928T054607431058Z-28fa2e2c\fold_predictions.parquet,artifacts\runs\20260928T054607431058Z-28fa2e2c\config.json,artifacts\runs\20260928T054607431058Z-28fa2e2c\data_manifest.json
exponential_smoothing,3,validation,20,recursive,0.0177507999997033,0.0018712999999479,True,,0.9830009853032162,1.4291424285241,1.1954674518882145,1.5251347086856084,1.5418205826612514,0.9152464127345908,0.8860013979505961,oil:WTI-CUSHING-SPOT,oil,20260928T054607431058Z-28fa2e2c,artifacts\runs\20260928T054607431058Z-28fa2e2c,2.528636500000175,artifacts\runs\20260928T054607431058Z-28fa2e2c\fold_predictions.parquet,artifacts\runs\20260928T054607431058Z-28fa2e2c\config.json,artifacts\runs\20260928T054607431058Z-28fa2e2c\data_manifest.json
holt_winters,3,validation,1,recursive,0.087764199999583,0.0027584999997998,True,,1.023340468966467,1.047225715424508,1.023340468966467,1.586328428098693,1.5990112128173966,0.9528054470248432,1.023340468966467,oil:WTI-CUSHING-SPOT,oil,20260928T054607431058Z-28fa2e2c,artifacts\runs\20260928T054607431058Z-28fa2e2c,2.528636500000175,artifacts\runs\20260928T054607431058Z-28fa2e2c\fold_predictions.parquet,artifacts\runs\20260928T054607431058Z-28fa2e2c\config.json,artifacts\runs\20260928T054607431058Z-28fa2e2c\data_manifest.json
holt_winters,3,validation,5,recursive,0.087764199999583,0.0027584999997998,True,,0.8300733817682229,0.7971089711363972,0.8928095939988533,1.290903504274457,1.3000598573170796,0.7728595355736015,0.6991271785982874,oil:WTI-CUSHING-SPOT,oil,20260928T054607431058Z-28fa2e2c,artifacts\runs\20260928T054607431058Z-28fa2e2c,2.528636500000175,artifacts\runs\20260928T054607431058Z-28fa2e2c\fold_predictions.parquet,artifacts\runs\20260928T054607431058Z-28fa2e2c\config.json,artifacts\runs\20260928T054607431058Z-28fa2e2c\data_manifest.json
holt_winters,3,validation,20,recursive,0.087764199999583,0.0027584999997998,True,,1.09887334169108,1.7358332642468806,1.3175102520462147,1.7050553325020084,1.7257213575287262,1.023132122011254,1.0231070321864824,oil:WTI-CUSHING-SPOT,oil,20260928T054607431058Z-28fa2e2c,artifacts\runs\20260928T054607431058Z-28fa2e2c,2.528636500000175,artifacts\runs\20260928T054607431058Z-28fa2e2c\fold_predictions.parquet,artifacts\runs\20260928T054607431058Z-28fa2e2c\config.json,artifacts\runs\20260928T054607431058Z-28fa2e2c\data_manifest.json
arima,3,validation,1,recursive,0.0046560999999201,0.0016171000006579,True,1.0,0.7936092565146708,0.6298156520257686,0.7936092565146708,1.230211217663418,1.2378251495860508,0.7389087457668916,0.7936092565146708,oil:WTI-CUSHING-SPOT,oil,20260928T054607431058Z-28fa2e2c,artifacts\runs\20260928T054607431058Z-28fa2e2c,2.528636500000175,artifacts\runs\20260928T054607431058Z-28fa2e2c\fold_predictions.parquet,artifacts\runs\20260928T054607431058Z-28fa2e2c\config.json,artifacts\runs\20260928T054607431058Z-28fa2e2c\data_manifest.json
arima,3,validation,5,recursive,0.0046560999999201,0.0016171000006579,True,1.0,0.5636123866836342,0.3641643668514124,0.6034603274875759,0.8768209411346296,0.8806852599555394,0.5247646978968795,0.4303936554099479,oil:WTI-CUSHING-SPOT,oil,20260928T054607431058Z-28fa2e2c,artifacts\runs\20260928T054607431058Z-28fa2e2c,2.528636500000175,artifacts\runs\20260928T054607431058Z-28fa2e2c\fold_predictions.parquet,artifacts\runs\20260928T054607431058Z-28fa2e2c\config.json,artifacts\runs\20260928T054607431058Z-28fa2e2c\data_manifest.json
arima,3,validation,20,recursive,0.0046560999999201,0.0016171000006579,True,1.0,0.7722600323089676,0.8796484423974482,0.9378957524146532,1.2047710236879603,1.208312444384408,0.7190310435457598,0.2179524493585855,oil:WTI-CUSHING-SPOT,oil,20260928T054607431058Z-28fa2e2c,artifacts\runs\20260928T054607431058Z-28fa2e2c,2.528636500000175,artifacts\runs\20260928T054607431058Z-28fa2e2c\fold_predictions.parquet,artifacts\runs\20260928T054607431058Z-28fa2e2c\config.json,artifacts\runs\20260928T054607431058Z-28fa2e2c\data_manifest.json
sarima,3,validation,1,recursive,0.0161017999998875,0.0016973000001598,True,1.0,0.7975093754005158,0.6360212038517209,0.7975093754005158,1.2362569762835462,1.243946161887318,0.7425400440797889,0.7975093754005158,oil:WTI-CUSHING-SPOT,oil,20260928T054607431058Z-28fa2e2c,artifacts\runs\20260928T054607431058Z-28fa2e2c,2.528636500000175,artifacts\runs\20260928T054607431058Z-28fa2e2c\fold_predictions.parquet,artifacts\runs\20260928T054607431058Z-28fa2e2c\config.json,artifacts\runs\20260928T054607431058Z-28fa2e2c\data_manifest.json
sarima,3,validation,5,recursive,0.0161017999998875,0.0016973000001598,True,1.0,0.548735484959819,0.3527500449290152,0.5939276428396099,0.8537418481734467,0.8573487646922885,0.5109132052342076,0.4018354076557401,oil:WTI-CUSHING-SPOT,oil,20260928T054607431058Z-28fa2e2c,artifacts\runs\20260928T054607431058Z-28fa2e2c,2.528636500000175,artifacts\runs\20260928T054607431058Z-28fa2e2c\fold_predictions.parquet,artifacts\runs\20260928T054607431058Z-28fa2e2c\config.json,artifacts\runs\20260928T054607431058Z-28fa2e2c\data_manifest.json
sarima,3,validation,20,recursive,0.0161017999998875,0.0016973000001598,True,1.0,0.7655628265657803,0.8662129274727185,0.9307056073070143,1.1951928272632395,1.1978074595891897,0.7127954510860972,0.1689411246565079,oil:WTI-CUSHING-SPOT,oil,20260928T054607431058Z-28fa2e2c,artifacts\runs\20260928T054607431058Z-28fa2e2c,2.528636500000175,artifacts\runs\20260928T054607431058Z-28fa2e2c\fold_predictions.parquet,artifacts\runs\20260928T054607431058Z-28fa2e2c\config.json,artifacts\runs\20260928T054607431058Z-28fa2e2c\data_manifest.json
ridge,3,validation,1,recursive,0.003020799999831,0.0126320999997915,True,,0.1226576273333961,0.0150448935430582,0.1226576273333961,0.1901373854183787,0.1903183185558158,0.1142032969344367,0.1226576273333961,oil:WTI-CUSHING-SPOT,oil,20260928T054607431058Z-28fa2e2c,artifacts\runs\20260928T054607431058Z-28fa2e2c,2.528636500000175,artifacts\runs\20260928T054607431058Z-28fa2e2c\fold_predictions.parquet,artifacts\runs\20260928T054607431058Z-28fa2e2c\config.json,artifacts\runs\20260928T054607431058Z-28fa2e2c\data_manifest.json
ridge,3,validation,5,recursive,0.003020799999831,0.0126320999997915,True,,0.5398085629505672,0.3956295742051067,0.6289909174265609,0.8443776661497432,0.8396240228311379,0.5026015824913178,-0.4907455120172088,oil:WTI-CUSHING-SPOT,oil,20260928T054607431058Z-28fa2e2c,artifacts\runs\20260928T054607431058Z-28fa2e2c,2.528636500000175,artifacts\runs\20260928T054607431058Z-28fa2e2c\fold_predictions.parquet,artifacts\runs\20260928T054607431058Z-28fa2e2c\config.json,artifacts\runs\20260928T054607431058Z-28fa2e2c\data_manifest.json
ridge,3,validation,20,recursive,0.003020799999831,0.0126320999997915,True,,1.356389626731615,2.781402311925134,1.6677536724364106,2.1414112161762078,2.10743991943482,1.2628987749728344,-1.2822895355716692,oil:WTI-CUSHING-SPOT,oil,20260928T054607431058Z-28fa2e2c,artifacts\runs\20260928T054607431058Z-28fa2e2c,2.528636500000175,artifacts\runs\20260928T054607431058Z-28fa2e2c\fold_predictions.parquet,artifacts\runs\20260928T054607431058Z-28fa2e2c\config.json,artifacts\runs\20260928T054607431058Z-28fa2e2c\data_manifest.json
lasso,3,validation,1,recursive,0.0028836999999839,0.012430900000254,True,,0.2465082405197165,0.0607663126441264,0.2465082405197165,0.3821240745926469,0.3828555662374024,0.2295173516795538,0.2465082405197165,oil:WTI-CUSHING-SPOT,oil,20260928T054607431058Z-28fa2e2c,artifacts\runs\20260928T054607431058Z-28fa2e2c,2.528636500000175,artifacts\runs\20260928T054607431058Z-28fa2e2c\fold_predictions.parquet,artifacts\runs\20260928T054607431058Z-28fa2e2c\config.json,artifacts\runs\20260928T054607431058Z-28fa2e2c\data_manifest.json
lasso,3,validation,5,recursive,0.0028836999999839,0.012430900000254,True,,0.5146396332785954,0.3564291291942454,0.5970168583836184,0.8050100164065747,0.8009516755947892,0.47916745278133,-0.4160363370707088,oil:WTI-CUSHING-SPOT,oil,20260928T054607431058Z-28fa2e2c,artifacts\runs\20260928T054607431058Z-28fa2e2c,2.528636500000175,artifacts\runs\20260928T054607431058Z-28fa2e2c\fold_predictions.parquet,artifacts\runs\20260928T054607431058Z-28fa2e2c\config.json,artifacts\runs\20260928T054607431058Z-28fa2e2c\data_manifest.json
lasso,3,validation,20,recursive,0.0028836999999839,0.012430900000254,True,,1.3446168407978978,2.75047874621092,1.6584567363096694,2.1228824499409167,2.0893901284614222,1.2519374430364243,-1.2507538588575986,oil:WTI-CUSHING-SPOT,oil,20260928T054607431058Z-28fa2e2c,artifacts\runs\20260928T054607431058Z-28fa2e2c,2.528636500000175,artifacts\runs\20260928T054607431058Z-28fa2e2c\fold_predictions.parquet,artifacts\runs\20260928T054607431058Z-28fa2e2c\config.json,artifacts\runs\20260928T054607431058Z-28fa2e2c\data_manifest.json
random_forest,3,validation,1,recursive,0.0212068999999246,0.054531699999643,True,,0.5326003849695482,0.2836631700697109,0.5326003849695482,0.8256090295606079,0.8290313082299232,0.4958902371945019,0.5326003849695482,oil:WTI-CUSHING-SPOT,oil,20260928T054607431058Z-28fa2e2c,artifacts\runs\20260928T054607431058Z-28fa2e2c,2.528636500000175,artifacts\runs\20260928T054607431058Z-28fa2e2c\fold_predictions.parquet,artifacts\runs\20260928T054607431058Z-28fa2e2c\config.json,artifacts\runs\20260928T054607431058Z-28fa2e2c\data_manifest.json
random_forest,3,validation,5,recursive,0.0212068999999246,0.054531699999643,True,,0.4921268159490466,0.2952970731223924,0.5434124337208271,0.7675228409246186,0.7685060022461587,0.4582063595479769,0.2014150971364614,oil:WTI-CUSHING-SPOT,oil,20260928T054607431058Z-28fa2e2c,artifacts\runs\20260928T054607431058Z-28fa2e2c,2.528636500000175,artifacts\runs\20260928T054607431058Z-28fa2e2c\fold_predictions.parquet,artifacts\runs\20260928T054607431058Z-28fa2e2c\config.json,artifacts\runs\20260928T054607431058Z-28fa2e2c\data_manifest.json
random_forest,3,validation,20,recursive,0.0212068999999246,0.054531699999643,True,,0.7538452841601089,0.8544043909944158,0.9243399758716572,1.1779019852371864,1.1794160844942467,0.7018855549484568,0.0976009953953369,oil:WTI-CUSHING-SPOT,oil,20260928T054607431058Z-28fa2e2c,artifacts\runs\20260928T054607431058Z-28fa2e2c,2.528636500000175,artifacts\runs\20260928T054607431058Z-28fa2e2c\fold_predictions.parquet,artifacts\runs\20260928T054607431058Z-28fa2e2c\config.json,artifacts\runs\20260928T054607431058Z-28fa2e2c\data_manifest.json
xgboost,3,validation,1,recursive,0.0119936000000961,0.0121552000000519,True,,0.4612066650390574,0.2127115878764492,0.4612066650390574,0.7149382499442836,0.7123916696763173,0.4294174187181256,-0.4612066650390574,oil:WTI-CUSHING-SPOT,oil,20260928T054607431058Z-28fa2e2c,artifacts\runs\20260928T054607431058Z-28fa2e2c,2.528636500000175,artifacts\runs\20260928T054607431058Z-28fa2e2c\fold_predictions.parquet,artifacts\runs\20260928T054607431058Z-28fa2e2c\config.json,artifacts\runs\20260928T054607431058Z-28fa2e2c\data_manifest.json
xgboost,3,validation,5,recursive,0.0119936000000961,0.0121552000000519,True,,0.8885042724609363,0.980980653508453,0.9904446746327898,1.389753571459874,1.3778025835417262,0.8272630040328899,-0.8885042724609363,oil:WTI-CUSHING-SPOT,oil,20260928T054607431058Z-28fa2e2c,artifacts\runs\20260928T054607431058Z-28fa2e2c,2.528636500000175,artifacts\runs\20260928T054607431058Z-28fa2e2c\fold_predictions.parquet,artifacts\runs\20260928T054607431058Z-28fa2e2c\config.json,artifacts\runs\20260928T054607431058Z-28fa2e2c\data_manifest.json
xgboost,3,validation,20,recursive,0.0119936000000961,0.0121552000000519,True,,1.2125042266845707,2.071079685277561,1.439124624651236,1.9126789163323863,1.887995585237486,1.1289308561133051,-1.109069961547851,oil:WTI-CUSHING-SPOT,oil,20260928T054607431058Z-28fa2e2c,artifacts\runs\20260928T054607431058Z-28fa2e2c,2.528636500000175,artifacts\runs\20260928T054607431058Z-28fa2e2c\fold_predictions.parquet,artifacts\runs\20260928T054607431058Z-28fa2e2c\config.json,artifacts\runs\20260928T054607431058Z-28fa2e2c\data_manifest.json
rnn,3,validation,1,recursive,0.0192649000000528,0.0045209999998405,True,,3.237987173658297,10.484560936775647,3.237987173658297,5.019356958081378,4.896471272327368,3.0148048572476607,-3.237987173658297,oil:WTI-CUSHING-SPOT,oil,20260928T054607431058Z-28fa2e2c,artifacts\runs\20260928T054607431058Z-28fa2e2c,2.528636500000175,artifacts\runs\20260928T054607431058Z-28fa2e2c\fold_predictions.parquet,artifacts\runs\20260928T054607431058Z-28fa2e2c\config.json,artifacts\runs\20260928T054607431058Z-28fa2e2c\data_manifest.json
rnn,3,validation,5,recursive,0.0192649000000528,0.0045209999998405,True,,3.113557459716888,9.813580218545765,3.132663438441124,4.8570837738895465,4.740434068525754,2.898951616991409,-3.113557459716888,oil:WTI-CUSHING-SPOT,oil,20260928T054607431058Z-28fa2e2c,artifacts\runs\20260928T054607431058Z-28fa2e2c,2.528636500000175,artifacts\runs\20260928T054607431058Z-28fa2e2c\fold_predictions.parquet,artifacts\runs\20260928T054607431058Z-28fa2e2c\config.json,artifacts\runs\20260928T054607431058Z-28fa2e2c\data_manifest.json
rnn,3,validation,20,recursive,0.0192649000000528,0.0045209999998405,True,,3.255081464676903,11.405691570348214,3.3772313468798987,5.11245066878868,4.974883333137992,3.030720902874201,-3.255081464676903,oil:WTI-CUSHING-SPOT,oil,20260928T054607431058Z-28fa2e2c,artifacts\runs\20260928T054607431058Z-28fa2e2c,2.528636500000175,artifacts\runs\20260928T054607431058Z-28fa2e2c\fold_predictions.parquet,artifacts\runs\20260928T054607431058Z-28fa2e2c\config.json,artifacts\runs\20260928T054607431058Z-28fa2e2c\data_manifest.json
lstm,3,validation,1,recursive,0.019637600000351,0.0052156000001559,True,,2.4061554387407824,5.789583995381848,2.4061554387407824,3.729895270098872,3.661608194667641,2.240308165215143,-2.4061554387407824,oil:WTI-CUSHING-SPOT,oil,20260928T054607431058Z-28fa2e2c,artifacts\runs\20260928T054607431058Z-28fa2e2c,2.528636500000175,artifacts\runs\20260928T054607431058Z-28fa2e2c\fold_predictions.parquet,artifacts\runs\20260928T054607431058Z-28fa2e2c\config.json,artifacts\runs\20260928T054607431058Z-28fa2e2c\data_manifest.json
lstm,3,validation,5,recursive,0.019637600000351,0.0052156000001559,True,,3.011259721501669,9.260670134210995,3.043134918831401,4.698974820512936,4.588718292723975,2.803704878349065,-3.011259721501669,oil:WTI-CUSHING-SPOT,oil,20260928T054607431058Z-28fa2e2c,artifacts\runs\20260928T054607431058Z-28fa2e2c,2.528636500000175,artifacts\runs\20260928T054607431058Z-28fa2e2c\fold_predictions.parquet,artifacts\runs\20260928T054607431058Z-28fa2e2c\config.json,artifacts\runs\20260928T054607431058Z-28fa2e2c\data_manifest.json
lstm,3,validation,20,recursive,0.019637600000351,0.0052156000001559,True,,3.611991780171844,14.07280593899614,3.751373873529022,5.672962765890719,5.503737575187806,3.3630307284070358,-3.611991780171844,oil:WTI-CUSHING-SPOT,oil,20260928T054607431058Z-28fa2e2c,artifacts\runs\20260928T054607431058Z-28fa2e2c,2.528636500000175,artifacts\runs\20260928T054607431058Z-28fa2e2c\fold_predictions.parquet,artifacts\runs\20260928T054607431058Z-28fa2e2c\config.json,artifacts\runs\20260928T054607431058Z-28fa2e2c\data_manifest.json
gru,3,validation,1,recursive,0.0386691999992763,0.0098841999997603,True,,1.2095578093894517,1.4630300942550092,1.2095578093894517,1.874992728862892,1.857578002621834,1.1261875243159876,-1.2095578093894517,oil:WTI-CUSHING-SPOT,oil,20260928T054607431058Z-28fa2e2c,artifacts\runs\20260928T054607431058Z-28fa2e2c,2.528636500000175,artifacts\runs\20260928T054607431058Z-28fa2e2c\fold_predictions.parquet,artifacts\runs\20260928T054607431058Z-28fa2e2c\config.json,artifacts\runs\20260928T054607431058Z-28fa2e2c\data_manifest.json
gru,3,validation,5,recursive,0.0386691999992763,0.0098841999997603,True,,2.085732758703541,4.617723482144723,2.148888894788356,3.2559881136195368,3.2005950555159446,1.941971019222937,-2.085732758703541,oil:WTI-CUSHING-SPOT,oil,20260928T054607431058Z-28fa2e2c,artifacts\runs\20260928T054607431058Z-28fa2e2c,2.528636500000175,artifacts\runs\20260928T054607431058Z-28fa2e2c\fold_predictions.parquet,artifacts\runs\20260928T054607431058Z-28fa2e2c\config.json,artifacts\runs\20260928T054607431058Z-28fa2e2c\data_manifest.json
gru,3,validation,20,recursive,0.0386691999992763,0.0098841999997603,True,,2.8798700847408307,9.445318700832532,3.073323722101616,4.528073350376868,4.413628539028034,2.681371436660027,-2.8798700847408307,oil:WTI-CUSHING-SPOT,oil,20260928T054607431058Z-28fa2e2c,artifacts\runs\20260928T054607431058Z-28fa2e2c,2.528636500000175,artifacts\runs\20260928T054607431058Z-28fa2e2c\fold_predictions.parquet,artifacts\runs\20260928T054607431058Z-28fa2e2c\config.json,artifacts\runs\20260928T054607431058Z-28fa2e2c\data_manifest.json
arima,0,final_test,1,recursive,0.0049494000004415,0.0013005999999222,True,1.0,1.2169148952802828,1.4808818623550215,1.2169148952802828,1.875350431931396,1.8931015762247108,1.159939262331784,1.2169148952802828,oil:WTI-CUSHING-SPOT,oil,20260928T054607431058Z-28fa2e2c,artifacts\runs\20260928T054607431058Z-28fa2e2c,2.528636500000175,artifacts\runs\20260928T054607431058Z-28fa2e2c\fold_predictions.parquet,artifacts\runs\20260928T054607431058Z-28fa2e2c\config.json,artifacts\runs\20260928T054607431058Z-28fa2e2c\data_manifest.json
arima,0,final_test,5,recursive,0.0049494000004415,0.0013005999999222,True,1.0,0.7053841182069718,0.5946772009115564,0.7711531630691508,1.1021848125554428,1.104948045302396,0.6723582206996491,0.1706975432513829,oil:WTI-CUSHING-SPOT,oil,20260928T054607431058Z-28fa2e2c,artifacts\runs\20260928T054607431058Z-28fa2e2c,2.528636500000175,artifacts\runs\20260928T054607431058Z-28fa2e2c\fold_predictions.parquet,artifacts\runs\20260928T054607431058Z-28fa2e2c\config.json,artifacts\runs\20260928T054607431058Z-28fa2e2c\data_manifest.json
arima,0,final_test,20,recursive,0.0049494000004415,0.0013005999999222,True,1.0,1.4316855845231555,3.3060565763535266,1.818256466055745,2.2926217862826603,2.2695319662614346,1.364654444812551,-0.5053442791011914,oil:WTI-CUSHING-SPOT,oil,20260928T054607431058Z-28fa2e2c,artifacts\runs\20260928T054607431058Z-28fa2e2c,2.528636500000175,artifacts\runs\20260928T054607431058Z-28fa2e2c\fold_predictions.parquet,artifacts\runs\20260928T054607431058Z-28fa2e2c\config.json,artifacts\runs\20260928T054607431058Z-28fa2e2c\data_manifest.json
drift,0,final_test,1,recursive,1.0099999599333389e-05,8.50000014906982e-06,True,,1.2919496855345969,1.6691339899529438,1.2919496855345969,1.9909842587988853,2.011003641774689,1.2314609435885189,1.2919496855345969,oil:WTI-CUSHING-SPOT,oil,20260928T054607431058Z-28fa2e2c,artifacts\runs\20260928T054607431058Z-28fa2e2c,2.528636500000175,artifacts\runs\20260928T054607431058Z-28fa2e2c\fold_predictions.parquet,artifacts\runs\20260928T054607431058Z-28fa2e2c\config.json,artifacts\runs\20260928T054607431058Z-28fa2e2c\data_manifest.json
drift,0,final_test,5,recursive,1.0099999599333389e-05,8.50000014906982e-06,True,,0.670830188679244,0.5812803045765612,0.7624174083640544,1.0447992277960123,1.0504109283449103,0.6394220969965815,0.3698490566037776,oil:WTI-CUSHING-SPOT,oil,20260928T054607431058Z-28fa2e2c,artifacts\runs\20260928T054607431058Z-28fa2e2c,2.528636500000175,artifacts\runs\20260928T054607431058Z-28fa2e2c\fold_predictions.parquet,artifacts\runs\20260928T054607431058Z-28fa2e2c\config.json,artifacts\runs\20260928T054607431058Z-28fa2e2c\data_manifest.json
drift,0,final_test,20,recursive,1.0099999599333389e-05,8.50000014906982e-06,True,,1.158955974842766,2.346033218622681,1.531676603798165,1.8355059761880823,1.83759336366381,1.1046939631916537,0.1584716981132125,oil:WTI-CUSHING-SPOT,oil,20260928T054607431058Z-28fa2e2c,artifacts\runs\20260928T054607431058Z-28fa2e2c,2.528636500000175,artifacts\runs\20260928T054607431058Z-28fa2e2c\fold_predictions.parquet,artifacts\runs\20260928T054607431058Z-28fa2e2c\config.json,artifacts\runs\20260928T054607431058Z-28fa2e2c\data_manifest.json
exponential_smoothing,0,final_test,1,recursive,0.0138275999997858,0.0019998000007035,True,,1.29194978413949,1.6691342447380748,1.29194978413949,1.9909844107558792,2.0110037968029064,1.231461037576757,1.29194978413949,oil:WTI-CUSHING-SPOT,oil,20260928T054607431058Z-28fa2e2c,artifacts\runs\20260928T054607431058Z-28fa2e2c,2.528636500000175,artifacts\runs\20260928T054607431058Z-28fa2e2c\fold_predictions.parquet,artifacts\runs\20260928T054607431058Z-28fa2e2c\config.json,artifacts\runs\20260928T054607431058Z-28fa2e2c\data_manifest.json
exponential_smoothing,0,final_test,5,recursive,0.0138275999997858,0.0019998000007035,True,,0.6708301378842009,0.5812803467690758,0.7624174360342737,1.0447991437306383,1.050410847807814,0.6394220485797488,0.3698493314987246,oil:WTI-CUSHING-SPOT,oil,20260928T054607431058Z-28fa2e2c,artifacts\runs\20260928T054607431058Z-28fa2e2c,2.528636500000175,artifacts\runs\20260928T054607431058Z-28fa2e2c\fold_predictions.parquet,artifacts\runs\20260928T054607431058Z-28fa2e2c\config.json,artifacts\runs\20260928T054607431058Z-28fa2e2c\data_manifest.json
exponential_smoothing,0,final_test,20,recursive,0.0138275999997858,0.0019998000007035,True,,1.1589557015931824,2.346032658565328,1.5316764209732183,1.83550550759278,1.83759292511394,1.104693702735543,0.1584726340958631,oil:WTI-CUSHING-SPOT,oil,20260928T054607431058Z-28fa2e2c,artifacts\runs\20260928T054607431058Z-28fa2e2c,2.528636500000175,artifacts\runs\20260928T054607431058Z-28fa2e2c\fold_predictions.parquet,artifacts\runs\20260928T054607431058Z-28fa2e2c\config.json,artifacts\runs\20260928T054607431058Z-28fa2e2c\data_manifest.json
gru,0,final_test,1,recursive,0.0340140999996947,0.0078645999992659,True,,0.0475948400594887,0.0022652688002883,0.0475948400594887,0.0733469564794094,0.0733738652279074,0.0453664622592093,0.0475948400594887,oil:WTI-CUSHING-SPOT,oil,20260928T054607431058Z-28fa2e2c,artifacts\runs\20260928T054607431058Z-28fa2e2c,2.528636500000175,artifacts\runs\20260928T054607431058Z-28fa2e2c\fold_predictions.parquet,artifacts\runs\20260928T054607431058Z-28fa2e2c\config.json,artifacts\runs\20260928T054607431058Z-28fa2e2c\data_manifest.json
gru,0,final_test,5,recursive,0.0340140999996947,0.0078645999992659,True,,1.528903480152718,3.423103365393911,1.8501630645415852,2.414258441080736,2.372194558022423,1.4573206243287695,-1.5098655441289224,oil:WTI-CUSHING-SPOT,oil,20260928T054607431058Z-28fa2e2c,artifacts\runs\20260928T054607431058Z-28fa2e2c,2.528636500000175,artifacts\runs\20260928T054607431058Z-28fa2e2c\fold_predictions.parquet,artifacts\runs\20260928T054607431058Z-28fa2e2c\config.json,artifacts\runs\20260928T054607431058Z-28fa2e2c\data_manifest.json
gru,0,final_test,20,recursive,0.0340140999996947,0.0078645999992659,True,,2.879345931994981,11.996256219715326,3.4635612048461515,4.644839315703234,4.491722802330586,2.744535718405382,-2.8363400783669177,oil:WTI-CUSHING-SPOT,oil,20260928T054607431058Z-28fa2e2c,artifacts\runs\20260928T054607431058Z-28fa2e2c,2.528636500000175,artifacts\runs\20260928T054607431058Z-28fa2e2c\fold_predictions.parquet,artifacts\runs\20260928T054607431058Z-28fa2e2c\config.json,artifacts\runs\20260928T054607431058Z-28fa2e2c\data_manifest.json
holt_winters,0,final_test,1,recursive,0.0762249999997948,0.0026657999997041,True,,1.363188853666422,1.8582838507603736,1.363188853666422,2.1007687681714007,2.123069155039274,1.2993647127448056,1.363188853666422,oil:WTI-CUSHING-SPOT,oil,20260928T054607431058Z-28fa2e2c,artifacts\runs\20260928T054607431058Z-28fa2e2c,2.528636500000175,artifacts\runs\20260928T054607431058Z-28fa2e2c\fold_predictions.parquet,artifacts\runs\20260928T054607431058Z-28fa2e2c\config.json,artifacts\runs\20260928T054607431058Z-28fa2e2c\data_manifest.json
holt_winters,0,final_test,5,recursive,0.0762249999997948,0.0026657999997041,True,,0.6625154377205291,0.6044951663655279,0.7774928722281176,1.030740854311439,1.0372288900092843,0.6314966404745764,0.4439323929831317,oil:WTI-CUSHING-SPOT,oil,20260928T054607431058Z-28fa2e2c,artifacts\runs\20260928T054607431058Z-28fa2e2c,2.528636500000175,artifacts\runs\20260928T054607431058Z-28fa2e2c\fold_predictions.parquet,artifacts\runs\20260928T054607431058Z-28fa2e2c\config.json,artifacts\runs\20260928T054607431058Z-28fa2e2c\data_manifest.json
holt_winters,0,final_test,20,recursive,0.0762249999997948,0.0026657999997041,True,,1.1362119450948776,2.3447004697631644,1.5312414798989624,1.7960968955023742,1.8009815929593818,1.0830148028900273,0.2357693508086441,oil:WTI-CUSHING-SPOT,oil,20260928T054607431058Z-28fa2e2c,artifacts\runs\20260928T054607431058Z-28fa2e2c,2.528636500000175,artifacts\runs\20260928T054607431058Z-28fa2e2c\fold_predictions.parquet,artifacts\runs\20260928T054607431058Z-28fa2e2c\config.json,artifacts\runs\20260928T054607431058Z-28fa2e2c\data_manifest.json
lasso,0,final_test,1,recursive,0.0024030000004131,0.0111872999996194,True,,0.7451657127123212,0.5552719394020617,0.7451657127123212,1.148352153971831,1.1549837946135664,0.7102772514912716,0.7451657127123212,oil:WTI-CUSHING-SPOT,oil,20260928T054607431058Z-28fa2e2c,artifacts\runs\20260928T054607431058Z-28fa2e2c,2.528636500000175,artifacts\runs\20260928T054607431058Z-28fa2e2c\fold_predictions.parquet,artifacts\runs\20260928T054607431058Z-28fa2e2c\config.json,artifacts\runs\20260928T054607431058Z-28fa2e2c\data_manifest.json
lasso,0,final_test,5,recursive,0.0024030000004131,0.0111872999996194,True,,0.9911810892812412,1.357056449316305,1.1649276584047206,1.5622727201612068,1.5481404551634086,0.9447742533164516,-0.6931148041963127,oil:WTI-CUSHING-SPOT,oil,20260928T054607431058Z-28fa2e2c,artifacts\runs\20260928T054607431058Z-28fa2e2c,2.528636500000175,artifacts\runs\20260928T054607431058Z-28fa2e2c\fold_predictions.parquet,artifacts\runs\20260928T054607431058Z-28fa2e2c\config.json,artifacts\runs\20260928T054607431058Z-28fa2e2c\data_manifest.json
lasso,0,final_test,20,recursive,0.0024030000004131,0.0111872999996194,True,,2.0595190514027037,6.515786679934541,2.552603901888137,3.322828080909636,3.243413467060726,1.9630929151311651,-1.6787697594881017,oil:WTI-CUSHING-SPOT,oil,20260928T054607431058Z-28fa2e2c,artifacts\runs\20260928T054607431058Z-28fa2e2c,2.528636500000175,artifacts\runs\20260928T054607431058Z-28fa2e2c\fold_predictions.parquet,artifacts\runs\20260928T054607431058Z-28fa2e2c\config.json,artifacts\runs\20260928T054607431058Z-28fa2e2c\data_manifest.json
last_value,0,final_test,1,recursive,9.299999874201603e-06,5.800000508315861e-06,True,,1.230000000000004,1.5129000000000097,1.230000000000004,1.8955154877485036,1.913652275379236,1.172411725915716,1.230000000000004,oil:WTI-CUSHING-SPOT,oil,20260928T054607431058Z-28fa2e2c,artifacts\runs\20260928T054607431058Z-28fa2e2c,2.528636500000175,artifacts\runs\20260928T054607431058Z-28fa2e2c\fold_predictions.parquet,artifacts\runs\20260928T054607431058Z-28fa2e2c\config.json,artifacts\runs\20260928T054607431058Z-28fa2e2c\data_manifest.json
last_value,0,final_test,5,recursive,9.299999874201603e-06,5.800000508315861e-06,True,,0.7079999999999984,0.5992799999999988,0.774131771728818,1.1060635117125188,1.109056468646078,0.674851627600262,0.1840000000000032,oil:WTI-CUSHING-SPOT,oil,20260928T054607431058Z-28fa2e2c,artifacts\runs\20260928T054607431058Z-28fa2e2c,2.528636500000175,artifacts\runs\20260928T054607431058Z-28fa2e2c\fold_predictions.parquet,artifacts\runs\20260928T054607431058Z-28fa2e2c\config.json,artifacts\runs\20260928T054607431058Z-28fa2e2c\data_manifest.json
last_value,0,final_test,20,recursive,9.299999874201603e-06,5.800000508315861e-06,True,,1.4289999999999985,3.292699999999995,1.81457984117536,2.2879234698367217,2.2653160635501464,1.3620945986451631,-0.4919999999999959,oil:WTI-CUSHING-SPOT,oil,20260928T054607431058Z-28fa2e2c,artifacts\runs\20260928T054607431058Z-28fa2e2c,2.528636500000175,artifacts\runs\20260928T054607431058Z-28fa2e2c\fold_predictions.parquet,artifacts\runs\20260928T054607431058Z-28fa2e2c\config.json,artifacts\runs\20260928T054607431058Z-28fa2e2c\data_manifest.json
lstm,0,final_test,1,recursive,0.0186347999997451,0.0054478000001836,True,,1.1845824280724315,1.4032355288979774,1.1845824280724315,1.8255238527853772,1.80901188109086,1.129120592671402,-1.1845824280724315,oil:WTI-CUSHING-SPOT,oil,20260928T054607431058Z-28fa2e2c,artifacts\runs\20260928T054607431058Z-28fa2e2c,2.528636500000175,artifacts\runs\20260928T054607431058Z-28fa2e2c\fold_predictions.parquet,artifacts\runs\20260928T054607431058Z-28fa2e2c\config.json,artifacts\runs\20260928T054607431058Z-28fa2e2c\data_manifest.json
lstm,0,final_test,5,recursive,0.0186347999997451,0.0054478000001836,True,,2.3450469551194546,6.186834318424275,2.487334782136147,3.688882772268047,3.613557839837724,2.2352524780528333,-2.3450469551194546,oil:WTI-CUSHING-SPOT,oil,20260928T054607431058Z-28fa2e2c,artifacts\runs\20260928T054607431058Z-28fa2e2c,2.528636500000175,artifacts\runs\20260928T054607431058Z-28fa2e2c\fold_predictions.parquet,artifacts\runs\20260928T054607431058Z-28fa2e2c\config.json,artifacts\runs\20260928T054607431058Z-28fa2e2c\data_manifest.json
lstm,0,final_test,20,recursive,0.0186347999997451,0.0054478000001836,True,,3.2322883355619267,13.694745205104203,3.700641188375901,5.20043788395435,5.026445394210517,3.080953452157221,-3.224636978175505,oil:WTI-CUSHING-SPOT,oil,20260928T054607431058Z-28fa2e2c,artifacts\runs\20260928T054607431058Z-28fa2e2c,2.528636500000175,artifacts\runs\20260928T054607431058Z-28fa2e2c\fold_predictions.parquet,artifacts\runs\20260928T054607431058Z-28fa2e2c\config.json,artifacts\runs\20260928T054607431058Z-28fa2e2c\data_manifest.json
random_forest,0,final_test,1,recursive,0.0231801999998424,0.0498592000003554,True,,0.8987918027489883,0.8078267046887763,0.8987918027489883,1.385100636074878,1.3947600512456388,0.8567106086990532,0.8987918027489883,oil:WTI-CUSHING-SPOT,oil,20260928T054607431058Z-28fa2e2c,artifacts\runs\20260928T054607431058Z-28fa2e2c,2.528636500000175,artifacts\runs\20260928T054607431058Z-28fa2e2c\fold_predictions.parquet,artifacts\runs\20260928T054607431058Z-28fa2e2c\config.json,artifacts\runs\20260928T054607431058Z-28fa2e2c\data_manifest.json
random_forest,0,final_test,5,recursive,0.0231801999998424,0.0498592000003554,True,,0.6391057532302142,0.5006385216573997,0.7075581401251771,1.0022663531428766,1.0011422909335153,0.6091829912091843,-0.042297163757297,oil:WTI-CUSHING-SPOT,oil,20260928T054607431058Z-28fa2e2c,artifacts\runs\20260928T054607431058Z-28fa2e2c,2.528636500000175,artifacts\runs\20260928T054607431058Z-28fa2e2c\fold_predictions.parquet,artifacts\runs\20260928T054607431058Z-28fa2e2c\config.json,artifacts\runs\20260928T054607431058Z-28fa2e2c\data_manifest.json
random_forest,0,final_test,20,recursive,0.0231801999998424,0.0498592000003554,True,,1.4677315219449247,3.4839419282841417,1.8665320592703845,2.3544901489210224,2.3260666376108,1.3990127209954015,-0.662213037941602,oil:WTI-CUSHING-SPOT,oil,20260928T054607431058Z-28fa2e2c,artifacts\runs\20260928T054607431058Z-28fa2e2c,2.528636500000175,artifacts\runs\20260928T054607431058Z-28fa2e2c\fold_predictions.parquet,artifacts\runs\20260928T054607431058Z-28fa2e2c\config.json,artifacts\runs\20260928T054607431058Z-28fa2e2c\data_manifest.json
ridge,0,final_test,1,recursive,0.0023204999997687,0.0124489000008907,True,,0.6500483819074105,0.4225628988204427,0.6500483819074105,1.0017697363344282,1.0068127088438112,0.6196132889112058,0.6500483819074105,oil:WTI-CUSHING-SPOT,oil,20260928T054607431058Z-28fa2e2c,artifacts\runs\20260928T054607431058Z-28fa2e2c,2.528636500000175,artifacts\runs\20260928T054607431058Z-28fa2e2c\fold_predictions.parquet,artifacts\runs\20260928T054607431058Z-28fa2e2c\config.json,artifacts\runs\20260928T054607431058Z-28fa2e2c\data_manifest.json
ridge,0,final_test,5,recursive,0.0023204999997687,0.0124489000008907,True,,1.035857669918471,1.4534862787562872,1.2056061872586286,1.6329657826523076,1.617005522146249,0.9873590882862948,-0.7758383171555068,oil:WTI-CUSHING-SPOT,oil,20260928T054607431058Z-28fa2e2c,artifacts\runs\20260928T054607431058Z-28fa2e2c,2.528636500000175,artifacts\runs\20260928T054607431058Z-28fa2e2c\fold_predictions.parquet,artifacts\runs\20260928T054607431058Z-28fa2e2c\config.json,artifacts\runs\20260928T054607431058Z-28fa2e2c\data_manifest.json
ridge,0,final_test,20,recursive,0.0023204999997687,0.0124489000008907,True,,2.0640093781223525,6.524685079907582,2.554346311663237,3.3302596425386426,3.250331090131351,1.967373005943612,-1.7051299228458716,oil:WTI-CUSHING-SPOT,oil,20260928T054607431058Z-28fa2e2c,artifacts\runs\20260928T054607431058Z-28fa2e2c,2.528636500000175,artifacts\runs\20260928T054607431058Z-28fa2e2c\fold_predictions.parquet,artifacts\runs\20260928T054607431058Z-28fa2e2c\config.json,artifacts\runs\20260928T054607431058Z-28fa2e2c\data_manifest.json
rnn,0,final_test,1,recursive,0.0245738999992681,0.0055486999999629,True,,1.7697592970344689,3.132047969439937,1.7697592970344689,2.727322078955877,2.690630992396448,1.686899635684194,-1.7697592970344689,oil:WTI-CUSHING-SPOT,oil,20260928T054607431058Z-28fa2e2c,artifacts\runs\20260928T054607431058Z-28fa2e2c,2.528636500000175,artifacts\runs\20260928T054607431058Z-28fa2e2c\fold_predictions.parquet,artifacts\runs\20260928T054607431058Z-28fa2e2c\config.json,artifacts\runs\20260928T054607431058Z-28fa2e2c\data_manifest.json
rnn,0,final_test,5,recursive,0.0245738999992681,0.0055486999999629,True,,2.486905060316235,6.636355842094251,2.5761125445318283,3.907949745638708,3.8273584532832254,2.370468824352744,-2.486905060316235,oil:WTI-CUSHING-SPOT,oil,20260928T054607431058Z-28fa2e2c,artifacts\runs\20260928T054607431058Z-28fa2e2c,2.528636500000175,artifacts\runs\20260928T054607431058Z-28fa2e2c\fold_predictions.parquet,artifacts\runs\20260928T054607431058Z-28fa2e2c\config.json,artifacts\runs\20260928T054607431058Z-28fa2e2c\data_manifest.json
rnn,0,final_test,20,recursive,0.0245738999992681,0.0055486999999629,True,,3.1421457178972574,12.734878675097626,3.568596177083872,5.052816401073758,4.8908978641328,2.9950312879663312,-3.119551607087625,oil:WTI-CUSHING-SPOT,oil,20260928T054607431058Z-28fa2e2c,artifacts\runs\20260928T054607431058Z-28fa2e2c,2.528636500000175,artifacts\runs\20260928T054607431058Z-28fa2e2c\fold_predictions.parquet,artifacts\runs\20260928T054607431058Z-28fa2e2c\config.json,artifacts\runs\20260928T054607431058Z-28fa2e2c\data_manifest.json
sarima,0,final_test,1,recursive,0.0186472999994293,0.0012511999993876,True,1.0,1.2244220424932737,1.4992093381433995,1.2244220424932737,1.8869194675501209,1.904891350413436,1.1670949269014472,1.2244220424932737,oil:WTI-CUSHING-SPOT,oil,20260928T054607431058Z-28fa2e2c,artifacts\runs\20260928T054607431058Z-28fa2e2c,2.528636500000175,artifacts\runs\20260928T054607431058Z-28fa2e2c\fold_predictions.parquet,artifacts\runs\20260928T054607431058Z-28fa2e2c\config.json,artifacts\runs\20260928T054607431058Z-28fa2e2c\data_manifest.json
sarima,0,final_test,5,recursive,0.0186472999994293,0.0012511999993876,True,1.0,0.7070718597661525,0.5994483919272032,0.7742405258879203,1.1045676829719882,1.1075994704245642,0.6739669426462335,0.1852393022961578,oil:WTI-CUSHING-SPOT,oil,20260928T054607431058Z-28fa2e2c,artifacts\runs\20260928T054607431058Z-28fa2e2c,2.528636500000175,artifacts\runs\20260928T054607431058Z-28fa2e2c\fold_predictions.parquet,artifacts\runs\20260928T054607431058Z-28fa2e2c\config.json,artifacts\runs\20260928T054607431058Z-28fa2e2c\data_manifest.json
sarima,0,final_test,20,recursive,0.0186472999994293,0.0012511999993876,True,1.0,1.4263395618329748,3.282307309102217,1.811713914806148,2.2834195819096395,2.26113858757886,1.3595587214881777,-0.484200805471686,oil:WTI-CUSHING-SPOT,oil,20260928T054607431058Z-28fa2e2c,artifacts\runs\20260928T054607431058Z-28fa2e2c,2.528636500000175,artifacts\runs\20260928T054607431058Z-28fa2e2c\fold_predictions.parquet,artifacts\runs\20260928T054607431058Z-28fa2e2c\config.json,artifacts\runs\20260928T054607431058Z-28fa2e2c\data_manifest.json
seasonal_naive,0,final_test,1,recursive,1.3900000340072438e-05,1.849999989644857e-05,True,,1.9200000000000017,3.686400000000007,1.9200000000000017,2.95885344429034,3.003284842796812,1.830106108746479,1.9200000000000017,oil:WTI-CUSHING-SPOT,oil,20260928T054607431058Z-28fa2e2c,artifacts\runs\20260928T054607431058Z-28fa2e2c,2.528636500000175,artifacts\runs\20260928T054607431058Z-28fa2e2c\fold_predictions.parquet,artifacts\runs\20260928T054607431058Z-28fa2e2c\config.json,artifacts\runs\20260928T054607431058Z-28fa2e2c\data_manifest.json
seasonal_naive,0,final_test,5,recursive,1.3900000340072438e-05,1.849999989644857e-05,True,,0.8379999999999967,1.1470599999999966,1.071008870178019,1.3042352710405718,1.3159419761646038,0.7987650620466364,0.5699999999999988,oil:WTI-CUSHING-SPOT,oil,20260928T054607431058Z-28fa2e2c,artifacts\runs\20260928T054607431058Z-28fa2e2c,2.528636500000175,artifacts\runs\20260928T054607431058Z-28fa2e2c\fold_predictions.parquet,artifacts\runs\20260928T054607431058Z-28fa2e2c\config.json,artifacts\runs\20260928T054607431058Z-28fa2e2c\data_manifest.json
seasonal_naive,0,final_test,20,recursive,1.3900000340072438e-05,1.849999989644857e-05,True,,1.3849999999999991,3.2264099999999987,1.7962210331693589,2.2037384445981245,2.195995449660519,1.3201546669863906,-0.1060000000000002,oil:WTI-CUSHING-SPOT,oil,20260928T054607431058Z-28fa2e2c,artifacts\runs\20260928T054607431058Z-28fa2e2c,2.528636500000175,artifacts\runs\20260928T054607431058Z-28fa2e2c\fold_predictions.parquet,artifacts\runs\20260928T054607431058Z-28fa2e2c\config.json,artifacts\runs\20260928T054607431058Z-28fa2e2c\data_manifest.json
xgboost,0,final_test,1,recursive,0.0169915999995282,0.019061099999817,True,,0.124573364257813,0.0155185230825097,0.124573364257813,0.1919762124484713,0.1921606638305903,0.1187408723517311,0.124573364257813,oil:WTI-CUSHING-SPOT,oil,20260928T054607431058Z-28fa2e2c,artifacts\runs\20260928T054607431058Z-28fa2e2c,2.528636500000175,artifacts\runs\20260928T054607431058Z-28fa2e2c\fold_predictions.parquet,artifacts\runs\20260928T054607431058Z-28fa2e2c\config.json,artifacts\runs\20260928T054607431058Z-28fa2e2c\data_manifest.json
xgboost,0,final_test,5,recursive,0.0169915999995282,0.019061099999817,True,,1.0686284179687504,1.702334476700274,1.304735404861949,1.6877885020579144,1.6668073352603248,1.0185955185961948,-1.0187990722656253,oil:WTI-CUSHING-SPOT,oil,20260928T054607431058Z-28fa2e2c,artifacts\runs\20260928T054607431058Z-28fa2e2c,2.528636500000175,artifacts\runs\20260928T054607431058Z-28fa2e2c\fold_predictions.parquet,artifacts\runs\20260928T054607431058Z-28fa2e2c\config.json,artifacts\runs\20260928T054607431058Z-28fa2e2c\data_manifest.json
xgboost,0,final_test,20,recursive,0.0169915999995282,0.019061099999817,True,,2.015025817871094,6.114058358305727,2.4726622006060044,3.2508351488203644,3.17502858615862,1.9206828430040397,-1.7374809570312493,oil:WTI-CUSHING-SPOT,oil,20260928T054607431058Z-28fa2e2c,artifacts\runs\20260928T054607431058Z-28fa2e2c,2.528636500000175,artifacts\runs\20260928T054607431058Z-28fa2e2c\fold_predictions.parquet,artifacts\runs\20260928T054607431058Z-28fa2e2c\config.json,artifacts\runs\20260928T054607431058Z-28fa2e2c\data_manifest.json
